municipio,%pop_rua
Boa Vista,"0,464%"
Belo Horizonte,"0,382%"
Veríssimo,"0,365%"
São Thomé das Letras,"0,339%"
Torres,"0,319%"
Batatais,"0,313%"
São Paulo,"0,305%"
Caraguatatuba,"0,284%"
Tanabi,"0,284%"
Balneário Piçarras,"0,252%"
Imbé,"0,251%"
Itu,"0,245%"
Rondonópolis,"0,244%"
Florianópolis,"0,229%"
São Sebastião do Paraíso,"0,223%"
Itanhaém,"0,209%"
Porecatu,"0,207%"
Apucarana,"0,207%"
Ourinhos,"0,196%"
Brejo Alegre,"0,195%"
Suzano,"0,195%"
Santa Rita do Sapucaí,"0,194%"
Nova Granada,"0,191%"
Poços de Caldas,"0,191%"
Porto Ferreira,"0,188%"
São Gotardo,"0,187%"
Santana do Garambéu,"0,187%"
Cassilândia,"0,186%"
Jaboticabal,"0,186%"
Foz do Iguaçu,"0,184%"
Jacupiranga,"0,184%"
Guaratuba,"0,182%"
Brasília,"0,181%"
Capão da Canoa,"0,181%"
Itaguara,"0,180%"
Sinop,"0,179%"
São José do Brejo do Cruz,"0,177%"
Ressaquinha,"0,176%"
Ubatuba,"0,175%"
Vinhedo,"0,171%"
Baixo Guandu,"0,170%"
Esteio,"0,169%"
Itapema,"0,168%"
Turiúba,"0,167%"
Lins,"0,165%"
Bertioga,"0,164%"
Salvador,"0,163%"
Campinas,"0,163%"
Amparo,"0,162%"
Itapetininga,"0,162%"
Fortaleza,"0,161%"
Jaú,"0,159%"
Alfenas,"0,159%"
Tubarão,"0,157%"
Vitória,"0,157%"
Poá,"0,157%"
Balneário Camboriú,"0,157%"
Aimorés,"0,156%"
São João del Rei,"0,156%"
Pacatuba,"0,155%"
Franca,"0,153%"
Colatina,"0,153%"
Monte Alto,"0,152%"
Lages,"0,151%"
Peruíbe,"0,150%"
Biguaçu,"0,149%"
Curitiba,"0,149%"
Sapucaia do Sul,"0,149%"
Andradas,"0,148%"
Santos,"0,147%"
Rondolândia,"0,146%"
Porto Alegre,"0,146%"
São José do Rio Preto,"0,143%"
Umuarama,"0,143%"
Barueri,"0,142%"
Rio Grande,"0,140%"
Balneário Arroio do Silva,"0,140%"
Maracanaú,"0,140%"
Piedade,"0,140%"
Monte Sião,"0,139%"
Birigui,"0,139%"
Cambuquira,"0,138%"
Arapongas,"0,137%"
Sete Lagoas,"0,137%"
Passos,"0,136%"
Pirenópolis,"0,135%"
Cambuí,"0,135%"
Astorga,"0,133%"
Itapira,"0,133%"
Matinhos,"0,133%"
Presidente Prudente,"0,132%"
Jardinópolis,"0,132%"
Barretos,"0,131%"
Jacarezinho,"0,131%"
Rio de Janeiro,"0,131%"
Caratinga,"0,129%"
Juquitiba,"0,129%"
Caxias do Sul,"0,128%"
Marília,"0,127%"
Mogi das Cruzes,"0,126%"
São Gonçalo do Abaeté,"0,126%"
Tramandaí,"0,125%"
Novo Hamburgo,"0,124%"
Pacaraima,"0,124%"
Governador Valadares,"0,124%"
Petrópolis,"0,124%"
Londrina,"0,123%"
São Bernardo do Campo,"0,123%"
São Vicente,"0,123%"
Rio das Ostras,"0,122%"
Campo Mourão,"0,122%"
Paranaguá,"0,122%"
Franco da Rocha,"0,120%"
Baependi,"0,120%"
Serra da Saudade,"0,120%"
Ubá,"0,120%"
Visconde do Rio Branco,"0,120%"
Penápolis,"0,119%"
Bom Jesus dos Perdões,"0,119%"
Registro,"0,119%"
Ibitiúra de Minas,"0,119%"
Niterói,"0,119%"
Teófilo Otoni,"0,118%"
Brotas,"0,118%"
São Valério do Sul,"0,118%"
Juiz de Fora,"0,117%"
Palmeira dos Índios,"0,117%"
Ipiranga do Sul,"0,117%"
Ibiporã,"0,117%"
São José dos Campos,"0,116%"
Araras,"0,116%"
Porto Belo,"0,115%"
Joinville,"0,115%"
Araucária,"0,115%"
Tietê,"0,115%"
Itajaí,"0,115%"
Bombinhas,"0,115%"
São José dos Pinhais,"0,113%"
Ilhota,"0,113%"
Pouso Alegre,"0,112%"
Blumenau,"0,111%"
Aracitaba,"0,111%"
Paraty,"0,111%"
Dracena,"0,111%"
Sorocaba,"0,110%"
Atibaia,"0,109%"
Iacanga,"0,109%"
Miracatu,"0,109%"
Espírito Santo do Pinhal,"0,108%"
Juatuba,"0,108%"
Primavera do Leste,"0,107%"
Ilhabela,"0,107%"
José Bonifácio,"0,107%"
Araçatuba,"0,107%"
Goiás,"0,106%"
Aracaju,"0,106%"
Itajubá,"0,106%"
Taquara,"0,105%"
Sombrio,"0,105%"
Jaci,"0,105%"
Penha,"0,105%"
Cambará,"0,104%"
Cuiabá,"0,104%"
Itaguaí,"0,104%"
Alvinlândia,"0,104%"
Alto Piquiri,"0,104%"
Osasco,"0,104%"
Descalvado,"0,103%"
Guaíba,"0,103%"
Três Fronteiras,"0,103%"
Paracatu,"0,103%"
Engenheiro Caldas,"0,103%"
Barra Mansa,"0,103%"
Diadema,"0,102%"
Marechal Floriano,"0,102%"
Maringá,"0,102%"
São Leopoldo,"0,102%"
Guarapari,"0,102%"
Avaré,"0,101%"
Indaiatuba,"0,101%"
Contagem,"0,101%"
Nanuque,"0,101%"
Divinópolis,"0,101%"
Bicas,"0,100%"
Lorena,"0,100%"
Campo Bom,"0,099%"
Guaratinguetá,"0,099%"
São José de Caiana,"0,099%"
Três Lagoas,"0,099%"
Barra do Quaraí,"0,099%"
Pontal,"0,099%"
Porteirão,"0,098%"
Cruzeiro,"0,098%"
Natal,"0,098%"
Morretes,"0,098%"
São Pedro do Turvo,"0,098%"
Pinhais,"0,098%"
Santa Cruz do Sul,"0,098%"
Arceburgo,"0,097%"
Jarinu,"0,097%"
Luziânia,"0,097%"
São Roque,"0,097%"
Alto Paraíso de Goiás,"0,096%"
Macaé,"0,096%"
Ortigueira,"0,096%"
Cascavel,"0,096%"
Carmo da Cachoeira,"0,095%"
Pirassununga,"0,095%"
Cana Verde,"0,095%"
Caucaia,"0,095%"
Ipatinga,"0,095%"
Praia Grande,"0,095%"
Gravataí,"0,094%"
Condor,"0,094%"
Jacuípe,"0,094%"
Varginha,"0,093%"
Anadia,"0,093%"
Cachoeira do Sul,"0,093%"
Cachoeiro de Itapemirim,"0,092%"
Vacaria,"0,092%"
Barbacena,"0,092%"
Andradina,"0,091%"
Castanhal,"0,090%"
Catanduva,"0,090%"
Piracicaba,"0,090%"
Laguna,"0,090%"
Pará de Minas,"0,089%"
Riversul,"0,089%"
Mogi Mirim,"0,089%"
Brusque,"0,089%"
Formosa,"0,089%"
São Joaquim,"0,088%"
Pontal do Paraná,"0,088%"
Barra Velha,"0,088%"
Cravinhos,"0,087%"
Buritama,"0,087%"
Taubaté,"0,087%"
Muriaé,"0,087%"
Mongaguá,"0,087%"
Xangri-lá,"0,087%"
Pacajus,"0,086%"
Gaspar,"0,086%"
Alfredo Wagner,"0,086%"
Três Rios,"0,086%"
Itabuna,"0,086%"
Matias Barbosa,"0,086%"
Nova Odessa,"0,086%"
Itanhandu,"0,085%"
Cristais Paulista,"0,085%"
Pimenta,"0,085%"
Itatiba,"0,085%"
Conselheiro Pena,"0,085%"
Pescador,"0,085%"
Vila Velha,"0,085%"
Mineiros,"0,084%"
Ibiúna,"0,084%"
Pedreira,"0,084%"
Francisco Morato,"0,083%"
Britânia,"0,083%"
Bebedouro,"0,083%"
Itararé,"0,083%"
Bragança Paulista,"0,083%"
Guarapuava,"0,082%"
Guaramirim,"0,082%"
Bauru,"0,082%"
Cianorte,"0,081%"
Vitória da Conquista,"0,081%"
Rio Claro,"0,081%"
Araxá,"0,081%"
Garopaba,"0,081%"
Piúma,"0,080%"
Abadia dos Dourados,"0,080%"
Igarapé,"0,080%"
Navegantes,"0,080%"
Embu-Guaçu,"0,079%"
Sertãozinho,"0,079%"
Arvoredo,"0,079%"
Mandaguari,"0,079%"
Piraí,"0,079%"
São Manuel,"0,079%"
Glorinha,"0,078%"
Barão de Cocais,"0,078%"
São Carlos,"0,078%"
Porto Seguro,"0,078%"
Alvarenga,"0,078%"
Caçapava,"0,078%"
Chuí,"0,078%"
Ituverava,"0,078%"
Valinhos,"0,078%"
Resende,"0,077%"
Santa Clara d'Oeste,"0,077%"
Piracaia,"0,077%"
Igaratá,"0,077%"
Ibertioga,"0,077%"
Sertão,"0,077%"
São Caetano do Sul,"0,077%"
Limeira,"0,076%"
Santa Gertrudes,"0,076%"
Alvorada,"0,075%"
Pelotas,"0,075%"
Colômbia,"0,075%"
São José da Vitória,"0,075%"
Arandu,"0,075%"
Mococa,"0,075%"
Siqueira Campos,"0,075%"
Pimenta Bueno,"0,075%"
Salto,"0,075%"
Morro Agudo,"0,075%"
Aparecida d'Oeste,"0,074%"
Arapiraca,"0,074%"
São Lourenço,"0,074%"
Juazeiro do Norte,"0,074%"
Roseira,"0,074%"
Chapada,"0,074%"
Uberlândia,"0,074%"
Goianá,"0,074%"
Aramina,"0,074%"
Panorama,"0,074%"
Marataízes,"0,074%"
Osório,"0,073%"
Tapurah,"0,073%"
Goiânia,"0,073%"
Santa Rita d'Oeste,"0,073%"
Itatinga,"0,073%"
Afrânio,"0,073%"
Recife,"0,073%"
Fundão,"0,073%"
Pariquera-Açu,"0,073%"
Doresópolis,"0,073%"
São Luís,"0,073%"
Porto Feliz,"0,073%"
Garça,"0,072%"
Arroio do Sal,"0,072%"
Sertanópolis,"0,072%"
Santa Cruz da Conceição,"0,072%"
Guarujá,"0,072%"
Cidreira,"0,072%"
Vargem,"0,072%"
Coronel Fabriciano,"0,071%"
Catiguá,"0,071%"
São João da Mata,"0,071%"
Volta Redonda,"0,071%"
João Pinheiro,"0,071%"
Uruguaiana,"0,071%"
Fazenda Rio Grande,"0,071%"
Guarulhos,"0,071%"
Abadiânia,"0,071%"
Guararapes,"0,071%"
Crixás do Tocantins,"0,071%"
Rio Grande da Serra,"0,071%"
Carapicuíba,"0,070%"
Embu das Artes,"0,070%"
Russas,"0,070%"
Guaíra,"0,070%"
Lençóis Paulista,"0,070%"
Araguari,"0,070%"
Conselheiro Lafaiete,"0,070%"
Pedro Leopoldo,"0,070%"
Cabrália Paulista,"0,070%"
Olímpia,"0,070%"
Barra do Garças,"0,070%"
Witmarsum,"0,070%"
Passo Fundo,"0,070%"
Mangaratiba,"0,069%"
Betim,"0,069%"
Maricá,"0,069%"
Serra,"0,069%"
Cachoeirinha,"0,069%"
Mathias Lobato,"0,069%"
Itapeva,"0,069%"
Borborema,"0,068%"
Vila Valério,"0,068%"
Cândido Mota,"0,068%"
Balneário Pinhal,"0,068%"
Caruaru,"0,068%"
Itatiaiuçu,"0,068%"
Rio do Sul,"0,068%"
Caçador,"0,067%"
Parnamirim,"0,067%"
Sobral,"0,067%"
Cambira,"0,067%"
Joaçaba,"0,067%"
Salto Grande,"0,066%"
Juazeiro,"0,066%"
Jales,"0,066%"
São José de Mipibu,"0,066%"
Cambé,"0,065%"
Iguatemi,"0,065%"
Ponta Grossa,"0,065%"
Lagoa Santa,"0,065%"
Mira Estrela,"0,065%"
Passa Quatro,"0,065%"
Petrolina,"0,065%"
Guapirama,"0,065%"
Cubatão,"0,065%"
Consolação,"0,064%"
Cosmorama,"0,064%"
Claraval,"0,064%"
Jaguaraçu,"0,064%"
São José,"0,064%"
Cruz Alta,"0,064%"
Ibema,"0,064%"
São Gonçalo do Rio Abaixo,"0,064%"
Campo Novo do Parecis,"0,064%"
Heitoraí,"0,064%"
Bariri,"0,063%"
Orlândia,"0,063%"
Curvelo,"0,063%"
Gararu,"0,063%"
Bela Vista de Minas,"0,063%"
Jeceaba,"0,063%"
Venâncio Aires,"0,063%"
Pirapora,"0,063%"
São Sebastião da Bela Vista,"0,063%"
Ubaporanga,"0,062%"
Benevides,"0,062%"
São João do Manhuaçu,"0,062%"
Restinga,"0,062%"
Itapoá,"0,062%"
Ibiá,"0,062%"
Barrolândia,"0,062%"
Aracruz,"0,061%"
Ilhéus,"0,061%"
Ivaiporã,"0,061%"
Braga,"0,061%"
Ponte Nova,"0,061%"
Leopoldina,"0,061%"
Araraquara,"0,061%"
Nova América da Colina,"0,061%"
Lagoa dos Patos,"0,061%"
Vitória de Santo Antão,"0,061%"
Ibitinga,"0,061%"
Monte Aprazível,"0,061%"
Magé,"0,060%"
Água Boa,"0,060%"
Ritápolis,"0,060%"
Campo Verde,"0,060%"
Iguape,"0,060%"
Colina,"0,060%"
Santa Cecília do Sul,"0,060%"
São Borja,"0,060%"
Lagoa da Prata,"0,060%"
Piraí do Sul,"0,060%"
Piratininga,"0,060%"
Bento Gonçalves,"0,059%"
Santa Izabel do Pará,"0,059%"
Itajobi,"0,059%"
Américo Brasiliense,"0,059%"
São Miguel Arcanjo,"0,059%"
Mesquita,"0,059%"
Rio Novo,"0,059%"
Altair,"0,059%"
Presidente Castello Branco,"0,059%"
Cabo de Santo Agostinho,"0,059%"
Joaquim Távora,"0,059%"
Criciúma,"0,059%"
Carandaí,"0,059%"
Eunápolis,"0,059%"
Turuçu,"0,059%"
Pereira Barreto,"0,059%"
Balneário Gaivota,"0,059%"
Ângulo,"0,058%"
Uberaba,"0,058%"
Extrema,"0,058%"
Pirajuí,"0,058%"
Uraí,"0,058%"
Teresina,"0,058%"
Tatuí,"0,058%"
Araçoiaba da Serra,"0,058%"
Rolândia,"0,057%"
Vespasiano,"0,057%"
Itaúna,"0,057%"
Quixabá,"0,057%"
Guaranésia,"0,057%"
Rio da Conceição,"0,057%"
Martinho Campos,"0,057%"
Araquari,"0,057%"
Planura,"0,057%"
Mariana,"0,057%"
Rancho Alegre,"0,057%"
Brumadinho,"0,057%"
Casa Branca,"0,057%"
Duartina,"0,057%"
Itapecerica da Serra,"0,057%"
Wenceslau Braz,"0,057%"
Itaocara,"0,057%"
Jandaia do Sul,"0,057%"
Novo Progresso,"0,056%"
Cordeirópolis,"0,056%"
Santa Cruz do Rio Pardo,"0,056%"
Armação dos Búzios,"0,056%"
Santa Rita do Passa Quatro,"0,056%"
Santo Antônio de Posse,"0,056%"
Engenheiro Beltrão,"0,056%"
Douradoquara,"0,056%"
Ituporanga,"0,056%"
São José do Rio Pardo,"0,056%"
Pratinha,"0,056%"
Votorantim,"0,056%"
Oliveira,"0,056%"
Paraguaçu Paulista,"0,056%"
Reserva,"0,056%"
Campo Grande,"0,056%"
Paraíso das Águas,"0,056%"
Parauapebas,"0,056%"
Santo Antônio da Patrulha,"0,056%"
Ubarana,"0,056%"
Castelo,"0,056%"
Campos dos Goytacazes,"0,056%"
Votuporanga,"0,056%"
Chapada dos Guimarães,"0,056%"
Bady Bassitt,"0,056%"
Barroso,"0,056%"
Campo Largo,"0,055%"
Ituiutaba,"0,055%"
Canoas,"0,055%"
Santo Antônio da Platina,"0,055%"
Rio Pardo,"0,055%"
São Sebastião,"0,055%"
Jacareí,"0,055%"
Balsa Nova,"0,055%"
Pederneiras,"0,055%"
Joanópolis,"0,055%"
Cajuru,"0,055%"
Arujá,"0,054%"
Montes Claros,"0,054%"
Cabo Frio,"0,054%"
Louveira,"0,054%"
Cláudio,"0,054%"
Bela Vista do Paraíso,"0,054%"
Carlos Chagas,"0,054%"
Marilândia,"0,054%"
Lambari,"0,054%"
Ibirá,"0,054%"
Parobé,"0,054%"
Guaiçara,"0,054%"
Batayporã,"0,053%"
Mandirituba,"0,053%"
Santa Isabel,"0,053%"
Nova Era,"0,053%"
Divino,"0,053%"
Santo Amaro da Imperatriz,"0,053%"
Três Marias,"0,053%"
Fernandópolis,"0,053%"
Lavras,"0,053%"
Pitangui,"0,053%"
Pedro de Toledo,"0,053%"
Boa Vista das Missões,"0,053%"
Ubiratã,"0,053%"
Bayeux,"0,052%"
Mogi Guaçu,"0,052%"
Leme,"0,052%"
Erechim,"0,052%"
Taquaritinga,"0,052%"
Ribas do Rio Pardo,"0,052%"
Santa Cruz das Palmeiras,"0,052%"
Mirassol,"0,052%"
Nova Friburgo,"0,052%"
Tomazina,"0,052%"
Piumhi,"0,052%"
Campo Limpo Paulista,"0,052%"
Medianeira,"0,051%"
Guarani d'Oeste,"0,051%"
Piranguçu,"0,051%"
Osvaldo Cruz,"0,051%"
Serranos,"0,051%"
Águas de Chapecó,"0,051%"
São José dos Ramos,"0,051%"
Terezópolis de Goiás,"0,051%"
Chã Preta,"0,051%"
Campanha,"0,050%"
Barreiras,"0,050%"
São Brás do Suaçuí,"0,050%"
Maceió,"0,050%"
Cruzeta,"0,050%"
Iaras,"0,050%"
São Joaquim da Barra,"0,050%"
Gália,"0,050%"
Santa Maria,"0,050%"
Feira de Santana,"0,049%"
Cabedelo,"0,049%"
Nova Iguaçu,"0,049%"
Santa Maria de Jetibá,"0,049%"
Boituva,"0,049%"
Maranguape,"0,049%"
Matão,"0,049%"
São José de Espinharas,"0,049%"
Angra dos Reis,"0,049%"
Araruama,"0,049%"
Reserva do Cabaçal,"0,049%"
Ibotirama,"0,049%"
Teixeira de Freitas,"0,049%"
Carangola,"0,049%"
Echaporã,"0,049%"
Castro,"0,049%"
Ribeirão Claro,"0,049%"
Macatuba,"0,049%"
Dois Irmãos das Missões,"0,048%"
Poço Branco,"0,048%"
Martins Soares,"0,048%"
Silveira Martins,"0,048%"
Diorama,"0,048%"
Viamão,"0,048%"
Mateiros,"0,048%"
Capivari de Baixo,"0,048%"
Itabira,"0,048%"
Timon,"0,048%"
Parnaíba,"0,048%"
Urussanga,"0,048%"
Mauá,"0,048%"
Cerquilho,"0,048%"
Fartura,"0,048%"
Paulistânia,"0,048%"
Santa Rita de Caldas,"0,048%"
Guapimirim,"0,048%"
Palmópolis,"0,048%"
Ferraz de Vasconcelos,"0,048%"
Pratápolis,"0,048%"
Porto Murtinho,"0,048%"
Capinzal,"0,047%"
São Mateus do Sul,"0,047%"
São Miguel do Passa Quatro,"0,047%"
Tupã,"0,047%"
São Roque do Canaã,"0,047%"
Santo Antônio do Paraíso,"0,047%"
Rio Casca,"0,047%"
Alpercata,"0,047%"
Itambé do Mato Dentro,"0,047%"
Santo Antônio da Barra,"0,047%"
Crato,"0,047%"
Santa Teresa,"0,047%"
Conchas,"0,047%"
São Jerônimo da Serra,"0,047%"
Fazenda Vilanova,"0,047%"
Telêmaco Borba,"0,046%"
Jaborá,"0,046%"
Nova Ramada,"0,046%"
Sacramento,"0,046%"
Sapiranga,"0,046%"
Paraopeba,"0,046%"
Alagoinhas,"0,046%"
Presidente Castelo Branco,"0,046%"
Conchal,"0,046%"
Adolfo,"0,046%"
Amparo de São Francisco,"0,046%"
Araçaí,"0,046%"
Ribeirão do Pinhal,"0,046%"
Divina Pastora,"0,046%"
Faro,"0,046%"
Pugmil,"0,046%"
Serra do Salitre,"0,046%"
Muzambinho,"0,046%"
São José da Varginha,"0,046%"
Palhoça,"0,045%"
Maçambará,"0,045%"
Mafra,"0,045%"
Monte Mor,"0,045%"
Nova Lima,"0,045%"
São Vicente de Minas,"0,045%"
Pedregulho,"0,045%"
Fortaleza dos Valos,"0,045%"
Passa-Vinte,"0,045%"
Americana,"0,045%"
Pinhal da Serra,"0,045%"
Francisco Beltrão,"0,045%"
Andirá,"0,044%"
Tijucas,"0,044%"
Lagoa Bonita do Sul,"0,044%"
Bom Jardim de Minas,"0,044%"
Mossoró,"0,044%"
Alta Floresta,"0,044%"
Pindamonhangaba,"0,044%"
Itaí,"0,044%"
Imbituba,"0,044%"
Barra de São Francisco,"0,044%"
Jijoca de Jericoacoara,"0,044%"
Baianópolis,"0,044%"
Brejão,"0,044%"
São Luis do Piauí,"0,044%"
São Francisco do Sul,"0,044%"
Ibiaçá,"0,044%"
Assis,"0,044%"
São Lourenço da Serra,"0,044%"
Santo André,"0,044%"
Anápolis,"0,044%"
Ribeirão Preto,"0,043%"
Iguaba Grande,"0,043%"
Valença,"0,043%"
Itirapina,"0,043%"
Três Cachoeiras,"0,043%"
Lebon Régis,"0,043%"
Alfredo Vasconcelos,"0,043%"
Loanda,"0,043%"
Congonhas,"0,043%"
Itumbiara,"0,043%"
Jardim do Seridó,"0,043%"
Sant'Ana do Livramento,"0,043%"
Vicente Dutra,"0,043%"
Nova América,"0,043%"
Horizonte,"0,043%"
Corumbataí,"0,043%"
Ribeirão do Sul,"0,043%"
Timbaúba dos Batistas,"0,043%"
Carambeí,"0,043%"
Ouro,"0,043%"
Patos,"0,043%"
Mata,"0,043%"
Santo Antônio do Pinhal,"0,042%"
Vereda,"0,042%"
Cristalina,"0,042%"
Cariacica,"0,042%"
Itatiaia,"0,042%"
Cordilheira Alta,"0,042%"
Curitibanos,"0,042%"
Pedro Canário,"0,042%"
Cáceres,"0,042%"
Piracanjuba,"0,042%"
Nipoã,"0,042%"
Itaobim,"0,042%"
Santa Rosa de Viterbo,"0,042%"
Paiçandu,"0,042%"
Sem-Peixe,"0,042%"
Itaú de Minas,"0,042%"
Viadutos,"0,042%"
Bataguassu,"0,042%"
Antônio Gonçalves,"0,042%"
Bom Jesus do Itabapoana,"0,042%"
Elói Mendes,"0,042%"
Paranacity,"0,042%"
Venda Nova do Imigrante,"0,042%"
Lapa,"0,042%"
Codajás,"0,042%"
Jaguaré,"0,042%"
Iconha,"0,041%"
Paulínia,"0,041%"
Patos de Minas,"0,041%"
Maurilândia,"0,041%"
Juquiá,"0,041%"
Tapes,"0,041%"
Jaciara,"0,041%"
Guaxupé,"0,041%"
Vieirópolis,"0,041%"
Água Clara,"0,041%"
Tamboara,"0,041%"
Verdelândia,"0,041%"
Dom Cavati,"0,041%"
Extremoz,"0,041%"
Pedro Laurentino,"0,041%"
Orós,"0,041%"
Lucas do Rio Verde,"0,041%"
Sagres,"0,041%"
Arapeí,"0,041%"
Oscar Bressane,"0,040%"
São Joaquim de Bicas,"0,040%"
Montenegro,"0,040%"
Sabará,"0,040%"
Balneário Barra do Sul,"0,040%"
Santa Fé do Sul,"0,040%"
Macaubal,"0,040%"
Monte Carmelo,"0,040%"
Corbélia,"0,040%"
Campo Novo,"0,040%"
Dom Pedro de Alcântara,"0,040%"
Barracão,"0,040%"
Buri,"0,040%"
Imperatriz,"0,040%"
Manacapuru,"0,040%"
Serrania,"0,040%"
Timóteo,"0,040%"
Borda da Mata,"0,040%"
Ibiraçu,"0,040%"
Ipeúna,"0,040%"
Lunardelli,"0,040%"
Uchoa,"0,040%"
Teresópolis,"0,040%"
Faxinalzinho,"0,040%"
Aparecida do Taboado,"0,039%"
Lagoinha,"0,039%"
Mirandópolis,"0,039%"
Carazinho,"0,039%"
Itapevi,"0,039%"
Manaus,"0,039%"
Rio Verde,"0,039%"
Olímpio Noronha,"0,039%"
Irati,"0,039%"
Bom Despacho,"0,039%"
Pratânia,"0,039%"
Pantano Grande,"0,039%"
Icém,"0,039%"
Quatá,"0,039%"
João Neiva,"0,039%"
Ouroeste,"0,039%"
Lindoeste,"0,039%"
Toledo,"0,039%"
Caieiras,"0,039%"
Barra do Piraí,"0,038%"
Cordeiro,"0,038%"
Bento de Abreu,"0,038%"
São João de Meriti,"0,038%"
Sentinela do Sul,"0,038%"
Carmésia,"0,038%"
São Félix do Coribe,"0,038%"
Arapuá,"0,038%"
Cajati,"0,038%"
Sumaré,"0,038%"
São João da Boa Vista,"0,038%"
Trindade,"0,038%"
Conceição das Alagoas,"0,038%"
Balneário Rincão,"0,038%"
Acari,"0,038%"
Conceição do Pará,"0,038%"
Fernandes Tourinho,"0,038%"
Vista Alegre,"0,038%"
Santa Bárbara d'Oeste,"0,038%"
Mário Campos,"0,038%"
Bom Sucesso,"0,038%"
Videira,"0,038%"
Salinas,"0,038%"
Seropédica,"0,037%"
Araranguá,"0,037%"
Três Pontas,"0,037%"
Rubiácea,"0,037%"
Entre Rios do Sul,"0,037%"
Vitor Meireles,"0,037%"
Tambaú,"0,037%"
Abreu e Lima,"0,037%"
Dois Córregos,"0,037%"
Monte Alegre do Sul,"0,037%"
Bastos,"0,037%"
Santa Cruz de Minas,"0,037%"
Coxim,"0,037%"
Arealva,"0,037%"
Coroados,"0,037%"
Jacinto,"0,037%"
Chapecó,"0,037%"
Coronel Pacheco,"0,037%"
Urupês,"0,037%"
Hortolândia,"0,037%"
Olinda,"0,037%"
Colombo,"0,037%"
Rio Branco,"0,037%"
Faxinal,"0,037%"
Itaquaquecetuba,"0,037%"
Damolândia,"0,037%"
Floreal,"0,037%"
Várzea Grande,"0,037%"
São Francisco de Paula,"0,037%"
Cajamar,"0,036%"
Jaraguá,"0,036%"
São Miguel do Oeste,"0,036%"
Dourados,"0,036%"
Nova Andradina,"0,036%"
Derrubadas,"0,036%"
Areado,"0,036%"
Taboão da Serra,"0,036%"
Conceição das Pedras,"0,036%"
São Pedro do Piauí,"0,036%"
Piacatu,"0,036%"
Mutum,"0,036%"
Cunha,"0,036%"
São José do Mantimento,"0,036%"
Itabela,"0,036%"
Céu Azul,"0,036%"
Porto Amazonas,"0,036%"
Farroupilha,"0,036%"
Cássia dos Coqueiros,"0,036%"
São Francisco de Assis do Piauí,"0,036%"
Terra de Areia,"0,036%"
Jequitinhonha,"0,036%"
Ivatuba,"0,036%"
Camanducaia,"0,036%"
Bom Jesus do Amparo,"0,036%"
Jaraguá do Sul,"0,036%"
Ouro Verde de Minas,"0,036%"
Tumiritinga,"0,036%"
Inocência,"0,036%"
Buerarema,"0,036%"
Nova Campina,"0,036%"
Goiabeira,"0,036%"
Jundiaí,"0,035%"
Bagé,"0,035%"
Capivari,"0,035%"
Bragança,"0,035%"
Cachoeiras de Macacu,"0,035%"
Itaperuna,"0,035%"
Guaramiranga,"0,035%"
Pradópolis,"0,035%"
Matozinhos,"0,035%"
Palmares,"0,035%"
Braço do Norte,"0,035%"
Piraquara,"0,035%"
Alumínio,"0,035%"
Itaara,"0,035%"
Jacutinga,"0,035%"
Governador Celso Ramos,"0,035%"
Capão Alto,"0,035%"
Ipuã,"0,035%"
Frutal,"0,035%"
Jandira,"0,035%"
Bernardino de Campos,"0,034%"
Ouro Velho,"0,034%"
Cumari,"0,034%"
Morungaba,"0,034%"
Mantena,"0,034%"
Andrelândia,"0,034%"
Lagoinha do Piauí,"0,034%"
Sítio d'Abadia,"0,034%"
Cachoeira de Minas,"0,034%"
Alto Garças,"0,034%"
Jequié,"0,034%"
Santa Mercedes,"0,034%"
Mampituba,"0,034%"
Caxias,"0,034%"
Guararema,"0,034%"
Jataizinho,"0,034%"
Cornélio Procópio,"0,034%"
Acopiara,"0,034%"
Barra dos Coqueiros,"0,034%"
Tarumã,"0,034%"
Monte Santo de Minas,"0,034%"
Novo Cruzeiro,"0,034%"
Bandeira do Sul,"0,034%"
São Mateus,"0,034%"
Cotia,"0,033%"
Luzinópolis,"0,033%"
Serra Negra,"0,033%"
Domingos Martins,"0,033%"
São Pedro da Aldeia,"0,033%"
Aragarças,"0,033%"
Esmeraldas,"0,033%"
Ernestina,"0,033%"
Tamarana,"0,033%"
Nazaré Paulista,"0,033%"
General Maynard,"0,033%"
Jaguapitã,"0,033%"
Vargem Grande do Sul,"0,033%"
Prata do Piauí,"0,033%"
Monte Carlo,"0,033%"
Itariri,"0,033%"
Sarzedo,"0,033%"
Conceição do Castelo,"0,033%"
Santa Ernestina,"0,033%"
Ribeirão das Neves,"0,033%"
Guarará,"0,033%"
Iacri,"0,033%"
Pirpirituba,"0,033%"
Lindolfo Collor,"0,032%"
Silveiras,"0,032%"
Chácara,"0,032%"
Torrinha,"0,032%"
Arraial do Cabo,"0,032%"
São Geraldo do Baixio,"0,032%"
Camapuã,"0,032%"
Santa Cruz de Goiás,"0,032%"
Paulo Lopes,"0,032%"
Serro,"0,032%"
Santa Rita de Cássia,"0,032%"
Pedro Avelino,"0,032%"
Leandro Ferreira,"0,032%"
Iguatu,"0,032%"
Altônia,"0,032%"
Trombas,"0,032%"
Três de Maio,"0,032%"
Colônia Leopoldina,"0,032%"
Concórdia,"0,032%"
Nova Olímpia,"0,032%"
Doutor Camargo,"0,032%"
Campina da Lagoa,"0,032%"
Palmas,"0,032%"
Divisa Alegre,"0,032%"
Cocalinho,"0,032%"
Brodowski,"0,032%"
Diamante do Sul,"0,032%"
Lagoa Formosa,"0,031%"
Sorriso,"0,031%"
Ourizona,"0,031%"
Canitar,"0,031%"
São Gabriel do Oeste,"0,031%"
São José do Norte,"0,031%"
São Francisco de Goiás,"0,031%"
Porto Rico,"0,031%"
Medina,"0,031%"
Panelas,"0,031%"
Camargo,"0,031%"
Mairinque,"0,031%"
Abaeté,"0,031%"
Rio do Campo,"0,031%"
Esperança do Sul,"0,031%"
Nova Londrina,"0,031%"
Ererê,"0,031%"
Gastão Vidigal,"0,031%"
Sales,"0,031%"
Capela do Alto,"0,031%"
Itaquiraí,"0,031%"
Campestre da Serra,"0,031%"
Indaial,"0,031%"
Caçapava do Sul,"0,031%"
Santarém,"0,031%"
Marilândia do Sul,"0,031%"
Raposos,"0,031%"
Miranorte,"0,031%"
Capitólio,"0,031%"
Piquerobi,"0,031%"
Beneditinos,"0,031%"
Guarda-Mor,"0,031%"
Colorado,"0,031%"
Itapetinga,"0,031%"
Costa Rica,"0,031%"
Santana da Vargem,"0,030%"
Rio Negro,"0,030%"
Manduri,"0,030%"
Itápolis,"0,030%"
Touros,"0,030%"
Córrego Danta,"0,030%"
Gramado Xavier,"0,030%"
Belém,"0,030%"
Gandu,"0,030%"
Ouro Verde,"0,030%"
Suzanápolis,"0,030%"
Guapiara,"0,030%"
Cosmópolis,"0,030%"
Professor Jamil,"0,030%"
Nova Porteirinha,"0,030%"
Monte Alegre de Minas,"0,030%"
Peabiru,"0,030%"
Getulina,"0,030%"
Carmo do Cajuru,"0,030%"
Campos Altos,"0,030%"
Santa Rita,"0,030%"
Mamborê,"0,030%"
Pequeri,"0,030%"
Marizópolis,"0,030%"
Pedrinópolis,"0,030%"
Vargem Grande Paulista,"0,030%"
Ilha Comprida,"0,030%"
General Sampaio,"0,030%"
Iguatama,"0,030%"
Santa Maria de Itabira,"0,030%"
Potim,"0,029%"
Nova Cantu,"0,029%"
Palmácia,"0,029%"
Agrestina,"0,029%"
Cananéia,"0,029%"
Ouro Verde do Oeste,"0,029%"
Itaóca,"0,029%"
Primeiro de Maio,"0,029%"
Angical do Piauí,"0,029%"
Camaquã,"0,029%"
São José de Princesa,"0,029%"
Serra dos Aimorés,"0,029%"
Alegrete,"0,029%"
Pirapora do Bom Jesus,"0,029%"
Tremembé,"0,029%"
Sarapuí,"0,029%"
Guapé,"0,029%"
Jundiaí do Sul,"0,029%"
Peixoto de Azevedo,"0,029%"
Nova Mutum,"0,029%"
Calmon,"0,029%"
Pedro Velho,"0,029%"
Ariquemes,"0,029%"
Paraíba do Sul,"0,029%"
Santana de Cataguases,"0,029%"
Severínia,"0,029%"
Pedra do Anta,"0,028%"
Boa Vista do Buricá,"0,028%"
Feliz Natal,"0,028%"
Garibaldi,"0,028%"
Prudentópolis,"0,028%"
Irapuru,"0,028%"
Águas da Prata,"0,028%"
Itainópolis,"0,028%"
Matupá,"0,028%"
Santa Helena,"0,028%"
Lassance,"0,028%"
Lauro Muller,"0,028%"
Jaboatão dos Guararapes,"0,028%"
Pardinho,"0,028%"
Angélica,"0,028%"
Goioerê,"0,028%"
Apiaí,"0,028%"
Guidoval,"0,028%"
Mãe d'Água,"0,028%"
Pedralva,"0,028%"
Sonora,"0,028%"
Coaraci,"0,028%"
Paraguaçu,"0,028%"
Novo Brasil,"0,028%"
Campos Borges,"0,028%"
Chopinzinho,"0,028%"
Carmo do Paranaíba,"0,028%"
João Monlevade,"0,028%"
Areias,"0,028%"
São Luís do Curu,"0,028%"
Santa Rita do Araguaia,"0,028%"
Cônego Marinho,"0,028%"
Pirangi,"0,028%"
Lavrinhas,"0,028%"
Taquarussu,"0,028%"
Santo Inácio do Piauí,"0,027%"
Maravilhas,"0,027%"
Bilac,"0,027%"
Sandovalina,"0,027%"
Rio Bonito,"0,027%"
Lauro de Freitas,"0,027%"
Cristianópolis,"0,027%"
Vila Boa,"0,027%"
Araguaiana,"0,027%"
Minduri,"0,027%"
Igaratinga,"0,027%"
Guariba,"0,027%"
Macaíba,"0,027%"
Putinga,"0,027%"
Campo Alegre de Goiás,"0,027%"
Aparecida,"0,027%"
Urubici,"0,027%"
Igarassu,"0,027%"
Alto Rio Novo,"0,027%"
Varjão,"0,027%"
Inhapim,"0,027%"
Guaraqueçaba,"0,027%"
Moreira Sales,"0,027%"
Santo Antônio de Goiás,"0,027%"
Pedra do Indaiá,"0,027%"
Redenção da Serra,"0,027%"
São José do Rio Claro,"0,027%"
Butiá,"0,027%"
Aurora,"0,027%"
Corumbataí do Sul,"0,027%"
Avanhandava,"0,027%"
Agudos,"0,027%"
Jacuí,"0,027%"
Cabo Verde,"0,027%"
Belo Jardim,"0,027%"
São José da Safira,"0,027%"
Santo Antônio do Aventureiro,"0,027%"
Alegre,"0,027%"
Cordisburgo,"0,026%"
Araçariguama,"0,026%"
Quatro Barras,"0,026%"
Arcos,"0,026%"
Alcântaras,"0,026%"
São Bento do Trairí,"0,026%"
Paranavaí,"0,026%"
Ibirité,"0,026%"
Canhoba,"0,026%"
Morrinhos,"0,026%"
Nova Cruz,"0,026%"
Sales Oliveira,"0,026%"
Matutina,"0,026%"
Mucuri,"0,026%"
Virmond,"0,026%"
Santo Antônio de Jesus,"0,026%"
Iturama,"0,026%"
Dois Irmãos,"0,026%"
Formosa do Oeste,"0,026%"
Papanduva,"0,026%"
Pindobaçu,"0,026%"
Bocaina,"0,026%"
Rubinéia,"0,026%"
Vera Cruz,"0,026%"
Estiva,"0,026%"
Quatipuru,"0,026%"
Borrazópolis,"0,026%"
Manhuaçu,"0,026%"
Barro,"0,026%"
Santa Maria da Vitória,"0,026%"
Imbaú,"0,026%"
Jataí,"0,026%"
Ipiranga do Norte,"0,026%"
Salgueiro,"0,026%"
Janaúba,"0,026%"
Conceição do Tocantins,"0,026%"
Jaguaruna,"0,026%"
Santa Cruz de Salinas,"0,026%"
Lagarto,"0,026%"
Jundiá,"0,026%"
Tamandaré,"0,026%"
São João Batista,"0,026%"
Itaberaí,"0,026%"
Marialva,"0,026%"
Iporá,"0,026%"
Tabuleiro,"0,025%"
Iporã,"0,025%"
Muqui,"0,025%"
Colorado do Oeste,"0,025%"
Munhoz de Melo,"0,025%"
Valparaíso de Goiás,"0,025%"
Leópolis,"0,025%"
União do Sul,"0,025%"
Unaí,"0,025%"
Várzea,"0,025%"
Anchieta,"0,025%"
Santa Leopoldina,"0,025%"
Rifaina,"0,025%"
Pérola,"0,025%"
Manhumirim,"0,025%"
São Benedito,"0,025%"
Carnaúba dos Dantas,"0,025%"
Veranópolis,"0,025%"
Brejinho,"0,025%"
Japorã,"0,025%"
Capivari do Sul,"0,025%"
Anhumas,"0,025%"
Planaltino,"0,025%"
Arroio do Tigre,"0,025%"
Rialma,"0,025%"
Pavão,"0,025%"
Chavantes,"0,025%"
Taquaral de Goiás,"0,025%"
Rosário do Sul,"0,025%"
Guiratinga,"0,025%"
Bugre,"0,025%"
Flores,"0,025%"
Serrana,"0,025%"
Portão,"0,025%"
Quatiguá,"0,025%"
Holambra,"0,025%"
Paço do Lumiar,"0,025%"
Iporanga,"0,025%"
Beberibe,"0,025%"
Taquarituba,"0,025%"
Pareci Novo,"0,025%"
Bocaiúva do Sul,"0,025%"
Linhares,"0,025%"
Assis Brasil,"0,025%"
Santiago,"0,025%"
Rancharia,"0,025%"
Milagres,"0,024%"
Arambaré,"0,024%"
São Pedro da Cipa,"0,024%"
Porto Velho,"0,024%"
Pindorama do Tocantins,"0,024%"
Moraújo,"0,024%"
Canavieiras,"0,024%"
Taquaraçu de Minas,"0,024%"
Tamboril,"0,024%"
Ipaba,"0,024%"
Carmo do Rio Claro,"0,024%"
Santa Izabel do Oeste,"0,024%"
Socorro do Piauí,"0,024%"
Populina,"0,024%"
São Luís de Montes Belos,"0,024%"
Ibirapuã,"0,024%"
Congonhinhas,"0,024%"
Várzea Paulista,"0,024%"
Piedade de Caratinga,"0,024%"
Santa Luzia,"0,024%"
Caxambu,"0,024%"
Ascurra,"0,024%"
Altinópolis,"0,024%"
Itutinga,"0,024%"
União dos Palmares,"0,024%"
São João do Cariri,"0,024%"
Saquarema,"0,024%"
Santo Antônio do Grama,"0,024%"
Pirapozinho,"0,024%"
Vassouras,"0,024%"
São João do Tigre,"0,024%"
Guzolândia,"0,024%"
Três Passos,"0,024%"
Sarandi,"0,024%"
Buritizal,"0,024%"
Canelinha,"0,024%"
Formiga,"0,023%"
Ijuí,"0,023%"
Brás Pires,"0,023%"
Ilha Solteira,"0,023%"
Araporã,"0,023%"
Messias Targino,"0,023%"
Crissiumal,"0,023%"
Nova Alvorada do Sul,"0,023%"
Tibau do Sul,"0,023%"
Rosana,"0,023%"
Nova Ubiratã,"0,023%"
Ocauçu,"0,023%"
Guapiaçu,"0,023%"
Joanésia,"0,023%"
Candeias,"0,023%"
Fronteira dos Vales,"0,023%"
Catuípe,"0,023%"
São Pedro do Ivaí,"0,023%"
Itauçu,"0,023%"
Marechal Cândido Rondon,"0,023%"
Paula Cândido,"0,023%"
São José do Cerrito,"0,023%"
São Bento do Sul,"0,023%"
Chapadão do Sul,"0,023%"
Bandeirantes,"0,023%"
Campo Belo,"0,023%"
Mendes,"0,023%"
Charqueadas,"0,023%"
Duque de Caxias,"0,023%"
João Ramalho,"0,023%"
Dobrada,"0,023%"
Palotina,"0,023%"
Luís Correia,"0,023%"
Itapejara d'Oeste,"0,023%"
Mateus Leme,"0,023%"
Sabáudia,"0,023%"
Itaiópolis,"0,023%"
Dom Macedo Costa,"0,023%"
Urânia,"0,023%"
Presidente Kennedy,"0,023%"
São Gonçalo,"0,023%"
Itaqui,"0,023%"
Carmo de Minas,"0,023%"
Jaguarão,"0,023%"
Castanheira,"0,023%"
Alfredo Chaves,"0,023%"
Ponte Alta,"0,023%"
Canaã dos Carajás,"0,023%"
Matias Cardoso,"0,023%"
Jaguariaíva,"0,023%"
Propriá,"0,023%"
Palmeira d'Oeste,"0,022%"
Tanguá,"0,022%"
Gramado,"0,022%"
Santo Anastácio,"0,022%"
Francisco Dumont,"0,022%"
Antônio Carlos,"0,022%"
Bom Jesus da Penha,"0,022%"
Santa Branca,"0,022%"
Socorro,"0,022%"
Barreira,"0,022%"
São João do Itaperiú,"0,022%"
Nonoai,"0,022%"
Catingueira,"0,022%"
Morada Nova de Minas,"0,022%"
Campos do Jordão,"0,022%"
Buenópolis,"0,022%"
Marabá Paulista,"0,022%"
Tacaimbó,"0,022%"
Brejo do Cruz,"0,022%"
Monte Azul Paulista,"0,022%"
Pinheirinho do Vale,"0,022%"
Rondon,"0,022%"
Cataguases,"0,022%"
Poté,"0,022%"
Nova Trento,"0,022%"
Igaraçu do Tietê,"0,022%"
Itapuí,"0,022%"
Ipuiúna,"0,022%"
Mucambo,"0,022%"
Orocó,"0,022%"
Manoel Ribas,"0,022%"
São João do Triunfo,"0,022%"
Marliéria,"0,022%"
Pontes e Lacerda,"0,022%"
Fruta de Leite,"0,022%"
Lobato,"0,022%"
Timbaúba,"0,022%"
Passa Tempo,"0,022%"
Ferros,"0,022%"
Bandeira,"0,022%"
Catalão,"0,022%"
Ouro Branco,"0,022%"
Viçosa,"0,022%"
Estância,"0,022%"
Matipó,"0,022%"
Abre Campo,"0,022%"
Jaguarari,"0,022%"
Sidrolândia,"0,022%"
Santa Rosa do Piauí,"0,022%"
Ribeirão Pires,"0,022%"
Santa Rosa do Sul,"0,021%"
Seara,"0,021%"
Delmiro Gouveia,"0,021%"
Prata,"0,021%"
Taguatinga,"0,021%"
Paripueira,"0,021%"
Ninheira,"0,021%"
Santa Maria do Salto,"0,021%"
Anastácio,"0,021%"
Jaguariúna,"0,021%"
Caicó,"0,021%"
Águas de Lindóia,"0,021%"
Álvaro de Carvalho,"0,021%"
Califórnia,"0,021%"
Taiobeiras,"0,021%"
Igrejinha,"0,021%"
Pedro II,"0,021%"
Serra do Navio,"0,021%"
Astolfo Dutra,"0,021%"
Teotônio Vilela,"0,021%"
Combinado,"0,021%"
Antônio Prado,"0,021%"
Montes Claros de Goiás,"0,021%"
Santa Rita de Jacutinga,"0,021%"
Onda Verde,"0,021%"
Camaçari,"0,021%"
Sapucaia,"0,021%"
Miguelópolis,"0,021%"
Diamantina,"0,021%"
Gameleiras,"0,021%"
Bálsamo,"0,021%"
Guaraniaçu,"0,021%"
Cocalzinho de Goiás,"0,021%"
Pitanga,"0,021%"
Rio Negrinho,"0,021%"
Erval Velho,"0,021%"
Tapiraí,"0,021%"
Patrocínio Paulista,"0,021%"
Bananal,"0,021%"
Foz do Jordão,"0,021%"
Mato Leitão,"0,021%"
Virgolândia,"0,021%"
Arroio dos Ratos,"0,021%"
Entre Folhas,"0,021%"
Dom Eliseu,"0,021%"
Palmeira,"0,021%"
São Miguel do Iguaçu,"0,020%"
Bom Jesus do Galho,"0,020%"
Miracema do Tocantins,"0,020%"
Soledade,"0,020%"
Boa Esperança,"0,020%"
Botelhos,"0,020%"
Areiópolis,"0,020%"
Itaguaru,"0,020%"
Jacaraú,"0,020%"
Erval Grande,"0,020%"
Oratórios,"0,020%"
Mariluz,"0,020%"
Aliança do Tocantins,"0,020%"
Anicuns,"0,020%"
Maraú,"0,020%"
Icatu,"0,020%"
Campinas do Piauí,"0,020%"
Juína,"0,020%"
Vale do Sol,"0,020%"
Terra Rica,"0,020%"
Marituba,"0,020%"
Içara,"0,020%"
Pilar do Sul,"0,020%"
Goianira,"0,020%"
Tocantins,"0,020%"
Bofete,"0,020%"
Capanema,"0,020%"
Serra Caiada,"0,020%"
Entre Rios de Minas,"0,020%"
Canoinhas,"0,020%"
Dores do Turvo,"0,020%"
Rondinha,"0,020%"
Almenara,"0,020%"
São João Nepomuceno,"0,020%"
Irani,"0,020%"
Quinta do Sol,"0,020%"
Tunápolis,"0,020%"
Bocaiúva,"0,020%"
Três Corações,"0,020%"
Tapejara,"0,020%"
Caldas,"0,020%"
Novo Oriente de Minas,"0,020%"
Agudos do Sul,"0,020%"
Alto Paraíso,"0,020%"
Jacaré dos Homens,"0,020%"
Pompéu,"0,020%"
Naviraí,"0,020%"
São Luiz do Paraitinga,"0,020%"
Salesópolis,"0,020%"
Xanxerê,"0,020%"
Piraí do Norte,"0,020%"
Tupaciguara,"0,020%"
Eldorado,"0,020%"
Piranga,"0,020%"
Centralina,"0,020%"
Guamaré,"0,020%"
Cabreúva,"0,020%"
Sabino,"0,020%"
São Nicolau,"0,020%"
Santo Ângelo,"0,020%"
Cacoal,"0,020%"
Ubirajara,"0,020%"
Felício dos Santos,"0,020%"
Rio Acima,"0,019%"
Tiradentes do Sul,"0,019%"
Malhada,"0,019%"
Paracambi,"0,019%"
Veredinha,"0,019%"
Barra Bonita,"0,019%"
Irineópolis,"0,019%"
General Salgado,"0,019%"
Mairiporã,"0,019%"
São Simão,"0,019%"
Tuneiras do Oeste,"0,019%"
Riolândia,"0,019%"
Moeda,"0,019%"
Cristina,"0,019%"
Itupeva,"0,019%"
Nossa Senhora de Nazaré,"0,019%"
Terra Alta,"0,019%"
Serra Azul,"0,019%"
Fervedouro,"0,019%"
Novo Horizonte,"0,019%"
Poxoréu,"0,019%"
Itaboraí,"0,019%"
Rio das Pedras,"0,019%"
Cristino Castro,"0,019%"
Resplendor,"0,019%"
Maruim,"0,019%"
Itambacuri,"0,019%"
Tupi Paulista,"0,019%"
São Caetano,"0,019%"
Prado,"0,019%"
Parapuã,"0,019%"
Simões Filho,"0,019%"
Curral de Cima,"0,019%"
Giruá,"0,019%"
São João do Manteninha,"0,019%"
Herval d'Oeste,"0,019%"
Fátima,"0,019%"
Santa Lúcia,"0,019%"
Camboriú,"0,019%"
Ibaté,"0,019%"
Querência do Norte,"0,019%"
Equador,"0,019%"
Cerqueira César,"0,019%"
Botuverá,"0,019%"
Paranatinga,"0,019%"
Itapecerica,"0,019%"
Conceição dos Ouros,"0,019%"
Júlio Borges,"0,019%"
Coité do Nóia,"0,019%"
Luís Eduardo Magalhães,"0,018%"
Panambi,"0,018%"
Rafael Fernandes,"0,018%"
Caiuá,"0,018%"
São José do Calçado,"0,018%"
Groaíras,"0,018%"
Macuco,"0,018%"
Alto Rio Doce,"0,018%"
Demerval Lobão,"0,018%"
Iguaraçu,"0,018%"
Congonhal,"0,018%"
Capela de Santana,"0,018%"
Itaituba,"0,018%"
Severiano Melo,"0,018%"
Resende Costa,"0,018%"
Aparecida de Goiânia,"0,018%"
Rio Novo do Sul,"0,018%"
Lençóis,"0,018%"
Pojuca,"0,018%"
São João da Fronteira,"0,018%"
São Fidélis,"0,018%"
Mendes Pimentel,"0,018%"
Estreito,"0,018%"
Água Fria de Goiás,"0,018%"
Ararendá,"0,018%"
Gongogi,"0,018%"
João Pessoa,"0,018%"
Dois Irmãos do Buriti,"0,018%"
Morro Redondo,"0,018%"
Diamantino,"0,018%"
Três Barras do Paraná,"0,018%"
Flores da Cunha,"0,018%"
Cândido de Abreu,"0,018%"
Valença do Piauí,"0,018%"
Poloni,"0,018%"
Tangará da Serra,"0,018%"
Soledade de Minas,"0,018%"
Indiara,"0,018%"
Salto de Pirapora,"0,018%"
Lajeado,"0,018%"
Frei Gaspar,"0,018%"
Grandes Rios,"0,018%"
Caraúbas do Piauí,"0,018%"
Campo do Meio,"0,018%"
São João d'Aliança,"0,018%"
Xexéu,"0,018%"
Caconde,"0,018%"
Igaracy,"0,018%"
Nossa Senhora do Socorro,"0,018%"
Taiaçu,"0,018%"
Barra Longa,"0,018%"
Santana do Acaraú,"0,018%"
Rubelita,"0,018%"
Estiva Gerbi,"0,018%"
Santa Fé,"0,018%"
Arara,"0,018%"
Pranchita,"0,018%"
Forquilha,"0,018%"
Caetanópolis,"0,018%"
Bonfinópolis de Minas,"0,017%"
Machadinho,"0,017%"
Iaciara,"0,017%"
Florestópolis,"0,017%"
Cajazeiras,"0,017%"
Cipó,"0,017%"
Santa Maria da Serra,"0,017%"
Santana do Riacho,"0,017%"
Serrinha,"0,017%"
Sertaneja,"0,017%"
Aquiraz,"0,017%"
Itapipoca,"0,017%"
Carinhanha,"0,017%"
Capão Bonito,"0,017%"
Crucilândia,"0,017%"
Aragoiânia,"0,017%"
Brasilândia,"0,017%"
Nortelândia,"0,017%"
Araguaína,"0,017%"
Sapezal,"0,017%"
Cariré,"0,017%"
Santa Helena de Minas,"0,017%"
Jequitibá,"0,017%"
Tijucas do Sul,"0,017%"
Rio Pomba,"0,017%"
Espigão Alto do Iguaçu,"0,017%"
Itambaracá,"0,017%"
Corumbá,"0,017%"
Valparaíso,"0,017%"
Mercedes,"0,017%"
Inaciolândia,"0,017%"
Nova União,"0,017%"
Anta Gorda,"0,017%"
Apiúna,"0,017%"
São José da Boa Vista,"0,017%"
Felipe Guerra,"0,017%"
Campina do Monte Alegre,"0,017%"
Mascote,"0,017%"
Laranjeiras,"0,017%"
Tucano,"0,017%"
Cantá,"0,017%"
Camalaú,"0,017%"
Jardim Alegre,"0,017%"
Teixeiras,"0,017%"
Farias Brito,"0,016%"
Alambari,"0,016%"
Santa Cruz do Capibaribe,"0,016%"
Taió,"0,016%"
Chapada Gaúcha,"0,016%"
Abel Figueiredo,"0,016%"
Além Paraíba,"0,016%"
Pitangueiras,"0,016%"
Ouro Preto do Oeste,"0,016%"
Tabuleiro do Norte,"0,016%"
Pendências,"0,016%"
Cruzeiro do Sul,"0,016%"
Saudade do Iguaçu,"0,016%"
Águas Formosas,"0,016%"
Artur Nogueira,"0,016%"
Heliópolis,"0,016%"
Colíder,"0,016%"
Ipameri,"0,016%"
Colônia do Gurguéia,"0,016%"
Jaíba,"0,016%"
Luislândia,"0,016%"
Lagoa da Canoa,"0,016%"
Vidal Ramos,"0,016%"
Canindé,"0,016%"
Mendonça,"0,016%"
Limoeiro de Anadia,"0,016%"
Nova Bandeirantes,"0,016%"
Santo Inácio,"0,016%"
Ichu,"0,016%"
Santa Helena de Goiás,"0,016%"
Tibagi,"0,016%"
Quixadá,"0,016%"
Limoeiro,"0,016%"
Santa Rita de Minas,"0,016%"
Nepomuceno,"0,016%"
Terra Boa,"0,016%"
São Miguel do Anta,"0,016%"
Martinópolis,"0,016%"
Itarana,"0,016%"
Caldas Novas,"0,016%"
Santo Antônio do Descoberto,"0,016%"
Uruaçu,"0,016%"
Brasília de Minas,"0,016%"
Cambará do Sul,"0,016%"
Ijaci,"0,016%"
Alto do Rodrigues,"0,016%"
Cesário Lange,"0,016%"
Itaporanga,"0,016%"
Montanha,"0,016%"
Sapucaí-Mirim,"0,016%"
Diamante,"0,016%"
Manga,"0,016%"
Piquete,"0,016%"
Pancas,"0,016%"
Realeza,"0,016%"
Açailândia,"0,016%"
Dom Expedito Lopes,"0,016%"
Engenheiro Navarro,"0,016%"
Sertânia,"0,016%"
Fortaleza dos Nogueiras,"0,016%"
Porto dos Gaúchos,"0,016%"
Santa Maria do Suaçuí,"0,016%"
Campo Magro,"0,016%"
Guanhães,"0,016%"
Mariópolis,"0,016%"
Darcinópolis,"0,016%"
Abadia de Goiás,"0,016%"
Arapoti,"0,016%"
Laranjeiras do Sul,"0,016%"
Guarabira,"0,016%"
Nova Prata,"0,016%"
Passo de Torres,"0,016%"
Formigueiro,"0,016%"
Japeri,"0,016%"
Machacalis,"0,016%"
Divinolândia de Minas,"0,015%"
Senhor do Bonfim,"0,015%"
Santa Tereza do Oeste,"0,015%"
Garanhuns,"0,015%"
Viana,"0,015%"
Paranapanema,"0,015%"
Conde,"0,015%"
Cachoeira Paulista,"0,015%"
Palmares do Sul,"0,015%"
São Miguel dos Campos,"0,015%"
Presidente Epitácio,"0,015%"
Redenção,"0,015%"
Campinorte,"0,015%"
Casimiro de Abreu,"0,015%"
Campina Grande do Sul,"0,015%"
Rio Branco do Sul,"0,015%"
São Jorge do Patrocínio,"0,015%"
Ibirataia,"0,015%"
Taiúva,"0,015%"
Alto Boa Vista,"0,015%"
Eldorado do Sul,"0,015%"
Vargem Bonita,"0,015%"
Pinhalão,"0,015%"
Ivaí,"0,015%"
Roque Gonzales,"0,015%"
Guairaçá,"0,015%"
Terra Roxa,"0,015%"
Alexandria,"0,015%"
Medicilândia,"0,015%"
Limoeiro do Norte,"0,015%"
Massaranduba,"0,015%"
Coronel Sapucaia,"0,015%"
Água Preta,"0,015%"
Paraíso do Norte,"0,015%"
Curiúva,"0,015%"
Itajuípe,"0,015%"
Maripá,"0,015%"
Monte Alegre de Goiás,"0,015%"
Rodeio Bonito,"0,015%"
Nova Esperança,"0,015%"
Olinda Nova do Maranhão,"0,015%"
Marau,"0,015%"
Baturité,"0,015%"
Barra do Choça,"0,015%"
Caarapó,"0,015%"
Eusébio,"0,015%"
Santa Filomena do Maranhão,"0,015%"
Nova Aliança,"0,015%"
Estrela do Sul,"0,015%"
Regente Feijó,"0,015%"
Curaçá,"0,015%"
Manoel Viana,"0,015%"
Nova Serrana,"0,015%"
Itapetim,"0,015%"
Itamaraju,"0,015%"
Ibiraiaras,"0,015%"
Ivaté,"0,015%"
Acarape,"0,015%"
Guaratinga,"0,015%"
Marechal Deodoro,"0,015%"
Junqueirópolis,"0,015%"
Santa Cruz do Arari,"0,015%"
Santo Augusto,"0,015%"
Boninal,"0,015%"
Picos,"0,015%"
Renascença,"0,015%"
Luís Antônio,"0,015%"
Álvares Machado,"0,015%"
Nova Viçosa,"0,015%"
Aracati,"0,015%"
Umari,"0,015%"
Casserengue,"0,015%"
Novo Oriente,"0,015%"
São Roque de Minas,"0,015%"
Lagoa Vermelha,"0,014%"
Apuarema,"0,014%"
Barra de São Miguel,"0,014%"
São Lourenço da Mata,"0,014%"
São Bento do Una,"0,014%"
Queimados,"0,014%"
Natividade da Serra,"0,014%"
São Jerônimo,"0,014%"
Juti,"0,014%"
Brazópolis,"0,014%"
Colônia do Piauí,"0,014%"
Imbé de Minas,"0,014%"
Sud Mennucci,"0,014%"
Clementina,"0,014%"
Presidente Venceslau,"0,014%"
São Marcos,"0,014%"
Claro dos Poções,"0,014%"
Rio Azul,"0,014%"
Goianápolis,"0,014%"
Varjão de Minas,"0,014%"
Paulistana,"0,014%"
Felixlândia,"0,014%"
São João do Oriente,"0,014%"
São Miguel do Tocantins,"0,014%"
Itacaré,"0,014%"
Faina,"0,014%"
Arcoverde,"0,014%"
São Sepé,"0,014%"
Trindade do Sul,"0,014%"
Alto Santo,"0,014%"
Central do Maranhão,"0,014%"
Santa Teresinha,"0,014%"
Perdões,"0,014%"
Simão Dias,"0,014%"
São Pedro dos Ferros,"0,014%"
Perobal,"0,014%"
Ceará-Mirim,"0,014%"
Rolim de Moura,"0,014%"
Barão de Cotegipe,"0,014%"
Ananindeua,"0,014%"
Joviânia,"0,014%"
São João do Piauí,"0,014%"
Guaçuí,"0,014%"
Itaguaçu,"0,014%"
Alta Floresta D'Oeste,"0,014%"
Ceres,"0,014%"
Marilena,"0,014%"
Tobias Barreto,"0,014%"
Ipaussu,"0,014%"
Laranjal Paulista,"0,014%"
Botucatu,"0,014%"
Assis Chateaubriand,"0,014%"
Barroquinha,"0,014%"
Ponte Alta do Tocantins,"0,014%"
Santa Rita do Pardo,"0,014%"
Pinhalzinho,"0,014%"
Pindorama,"0,014%"
Guanambi,"0,014%"
Rio Paranaíba,"0,014%"
Barra do Turvo,"0,014%"
Itabirito,"0,014%"
Querência,"0,014%"
Cruz,"0,014%"
Guaraçaí,"0,014%"
Canguaretama,"0,014%"
General Câmara,"0,014%"
Santana do São Francisco,"0,014%"
Timbó Grande,"0,014%"
Nuporanga,"0,014%"
Novo Mundo,"0,014%"
Campo Alegre,"0,014%"
Campos Novos,"0,014%"
Tianguá,"0,013%"
Confins,"0,013%"
Inimutaba,"0,013%"
Guatapará,"0,013%"
Escada,"0,013%"
Minas do Leão,"0,013%"
Uiraúna,"0,013%"
Codó,"0,013%"
Nova Aurora,"0,013%"
Rorainópolis,"0,013%"
Dionísio Cerqueira,"0,013%"
Salete,"0,013%"
Tiradentes,"0,013%"
Ferreiros,"0,013%"
Candeias do Jamari,"0,013%"
Ametista do Sul,"0,013%"
Itaiçaba,"0,013%"
Massapê,"0,013%"
Feira Grande,"0,013%"
São Miguel do Araguaia,"0,013%"
Meruoca,"0,013%"
Feliz,"0,013%"
Serra Negra do Norte,"0,013%"
Iepê,"0,013%"
Palma Sola,"0,013%"
Mojuí dos Campos,"0,013%"
Serra Talhada,"0,013%"
Mozarlândia,"0,013%"
São José da Bela Vista,"0,013%"
Bonito,"0,013%"
Bom Jardim de Goiás,"0,013%"
Tanquinho,"0,013%"
Ibaiti,"0,013%"
Mirante do Paranapanema,"0,013%"
Planaltina,"0,013%"
Conceição do Mato Dentro,"0,013%"
Raul Soares,"0,013%"
Camocim,"0,013%"
Vale do Anari,"0,013%"
Ipumirim,"0,013%"
Lagoa de Dentro,"0,013%"
Palmitinho,"0,013%"
Euclides da Cunha Paulista,"0,013%"
Bambuí,"0,013%"
Bonfim,"0,013%"
Guamiranga,"0,013%"
Correia Pinto,"0,013%"
Reduto,"0,013%"
Nova Ponte,"0,013%"
Boa Vista da Aparecida,"0,013%"
Buritizeiro,"0,013%"
Marcelino Vieira,"0,013%"
Pirambu,"0,013%"
Raposa,"0,013%"
São Gonçalo do Sapucaí,"0,013%"
Paverama,"0,013%"
Pilar,"0,013%"
Cruzeiro do Oeste,"0,013%"
Itaperuçu,"0,013%"
Cajueiro da Praia,"0,013%"
Tacima,"0,013%"
Belford Roxo,"0,013%"
Nova Canaã,"0,013%"
Irauçuba,"0,013%"
Itapirapuã,"0,013%"
Igaci,"0,013%"
Selvíria,"0,013%"
Paracuru,"0,012%"
Umbaúba,"0,012%"
Afogados da Ingazeira,"0,012%"
Ouro Fino,"0,012%"
Itobi,"0,012%"
Porto União,"0,012%"
Santa Quitéria,"0,012%"
Rosário Oeste,"0,012%"
São Sebastião da Amoreira,"0,012%"
Coluna,"0,012%"
Santa Bárbara do Sul,"0,012%"
Porto Acre,"0,012%"
Pindoretama,"0,012%"
Barrinha,"0,012%"
Francisco Alves,"0,012%"
Paranaíba,"0,012%"
Tiros,"0,012%"
São Vicente do Sul,"0,012%"
Palmital,"0,012%"
Paulista,"0,012%"
Frei Inocêncio,"0,012%"
Teutônia,"0,012%"
Triunfo,"0,012%"
Florestal,"0,012%"
Barra de Santo Antônio,"0,012%"
Petrolândia,"0,012%"
Nazaré,"0,012%"
Várzea da Palma,"0,012%"
Dourado,"0,012%"
Tefé,"0,012%"
Mimoso do Sul,"0,012%"
Seabra,"0,012%"
Pedra Branca,"0,012%"
Anita Garibaldi,"0,012%"
Nova Santa Rosa,"0,012%"
Araçagi,"0,012%"
Serranópolis,"0,012%"
Moema,"0,012%"
Morpará,"0,012%"
Nova Glória,"0,012%"
Monsenhor Paulo,"0,012%"
Serra Dourada,"0,012%"
Glória,"0,012%"
São Lourenço do Sul,"0,012%"
Riachão do Jacuípe,"0,012%"
Ribeirão,"0,012%"
Iaçu,"0,012%"
Guatambú,"0,012%"
Fraiburgo,"0,012%"
Cândido Sales,"0,012%"
Ibatiba,"0,012%"
Brasileira,"0,012%"
Carlópolis,"0,012%"
Cidade Ocidental,"0,012%"
Cássia,"0,012%"
Colméia,"0,012%"
Bela Vista de Goiás,"0,012%"
Coroatá,"0,012%"
Igaporã,"0,012%"
Condeúba,"0,012%"
Bacabeira,"0,012%"
São Gabriel da Palha,"0,012%"
Adrianópolis,"0,012%"
Pouso Redondo,"0,012%"
Correntes,"0,012%"
Padre Bernardo,"0,012%"
Padre Paraíso,"0,012%"
Monsenhor Tabosa,"0,012%"
Adamantina,"0,012%"
Guimarânia,"0,012%"
Itaporanga d'Ajuda,"0,012%"
Santa Terezinha,"0,012%"
Tunas do Paraná,"0,012%"
Igarapava,"0,012%"
Maracanã,"0,012%"
Itacoatiara,"0,012%"
Terenos,"0,012%"
Camocim de São Félix,"0,012%"
São Cristóvão,"0,011%"
Araçuaí,"0,011%"
Almirante Tamandaré,"0,011%"
Contenda,"0,011%"
Arroio Grande,"0,011%"
Rincão,"0,011%"
Augustinópolis,"0,011%"
Tremedal,"0,011%"
Riacho dos Machados,"0,011%"
Bezerros,"0,011%"
Piritiba,"0,011%"
Vicentinópolis,"0,011%"
Lontra,"0,011%"
Promissão,"0,011%"
Francisco Badaró,"0,011%"
Jaraguari,"0,011%"
São Sebastião do Oeste,"0,011%"
Dianópolis,"0,011%"
Vila Pavão,"0,011%"
Itapiranga,"0,011%"
Niquelândia,"0,011%"
Não-Me-Toque,"0,011%"
Nova Monte Verde,"0,011%"
Miradouro,"0,011%"
Quipapá,"0,011%"
Natuba,"0,011%"
Floriano,"0,011%"
Remígio,"0,011%"
Igarapé-Açu,"0,011%"
Concórdia do Pará,"0,011%"
Prados,"0,011%"
Una,"0,011%"
Cachoeira de Pajeú,"0,011%"
Morros,"0,011%"
Bom Jesus,"0,011%"
Campo Maior,"0,011%"
Paraibuna,"0,011%"
Januário Cicco (Boa Saúde),"0,011%"
Ubatã,"0,011%"
Herculândia,"0,011%"
Rio Tinto,"0,011%"
Ji-Paraná,"0,011%"
Umbuzeiro,"0,011%"
Cajobi,"0,011%"
Macau,"0,011%"
São Martinho,"0,011%"
Baía da Traição,"0,011%"
Humaitá,"0,011%"
Araújos,"0,011%"
Barcelos,"0,011%"
Japurá,"0,011%"
União da Vitória,"0,011%"
Presidente Tancredo Neves,"0,011%"
Machado,"0,011%"
Goiatuba,"0,011%"
Nazário,"0,011%"
Ipiranga do Piauí,"0,011%"
Iúna,"0,011%"
Reriutaba,"0,011%"
Japaratinga,"0,011%"
Rosário do Catete,"0,011%"
Juara,"0,011%"
Pureza,"0,011%"
Apiacás,"0,011%"
Madre de Deus,"0,011%"
Queluz,"0,011%"
Rio das Flores,"0,011%"
Anísio de Abreu,"0,011%"
São José da Coroa Grande,"0,011%"
Estrela d'Oeste,"0,011%"
Varzelândia,"0,011%"
Mombaça,"0,011%"
Quixabeira,"0,011%"
Peixe,"0,011%"
Trairão,"0,011%"
Casca,"0,011%"
Branquinha,"0,011%"
Filadélfia,"0,011%"
Muritiba,"0,011%"
Pereiras,"0,011%"
Ibitirama,"0,010%"
Encruzilhada,"0,010%"
Campo Erê,"0,010%"
São Gabriel,"0,010%"
Maragogipe,"0,010%"
Ipanema,"0,010%"
Presidente Vargas,"0,010%"
Porangaba,"0,010%"
Juruena,"0,010%"
Potengi,"0,010%"
Nova Europa,"0,010%"
Araçoiaba,"0,010%"
Brejo da Madre de Deus,"0,010%"
Nhandeara,"0,010%"
Canto do Buriti,"0,010%"
Trairi,"0,010%"
Ipixuna do Pará,"0,010%"
Águia Branca,"0,010%"
Tapira,"0,010%"
Mata de São João,"0,010%"
Grossos,"0,010%"
Coromandel,"0,010%"
Ampére,"0,010%"
Pilões,"0,010%"
Canguçu,"0,010%"
Quiterianópolis,"0,010%"
Pindaré-Mirim,"0,010%"
Santanópolis,"0,010%"
Lajedo,"0,010%"
Itaparica,"0,010%"
Três Barras,"0,010%"
Araripe,"0,010%"
Guia Lopes da Laguna,"0,010%"
Bonito de Minas,"0,010%"
Itaueira,"0,010%"
Vitorino,"0,010%"
Castilho,"0,010%"
Dores de Campos,"0,010%"
Jucuruçu,"0,010%"
Umarizal,"0,010%"
Glória de Dourados,"0,010%"
Barreiros,"0,010%"
Novo Lino,"0,010%"
Mutuípe,"0,010%"
Bela Cruz,"0,010%"
Cajapió,"0,010%"
Engenheiro Coelho,"0,010%"
Chorozinho,"0,010%"
Senador Alexandre Costa,"0,010%"
Itabirinha,"0,010%"
Santa Maria da Boa Vista,"0,010%"
Santa Cruz Cabrália,"0,010%"
Morada Nova,"0,010%"
Camamu,"0,010%"
Monte Azul,"0,010%"
Porto de Moz,"0,010%"
Porto Real,"0,010%"
Independência,"0,010%"
Nazaré da Mata,"0,010%"
Salto do Jacuí,"0,010%"
Santo Antônio de Pádua,"0,010%"
Casa Nova,"0,010%"
Cachoeira Grande,"0,010%"
Jaqueira,"0,010%"
Chã Grande,"0,010%"
São Miguel do Gostoso,"0,010%"
Arraias,"0,010%"
Presidente Figueiredo,"0,010%"
Rio do Fogo,"0,010%"
Saudades,"0,010%"
São Vicente do Seridó,"0,010%"
Guadalupe,"0,010%"
Nísia Floresta,"0,010%"
Santa Vitória do Palmar,"0,010%"
Rubim,"0,010%"
Indianópolis,"0,010%"
Itapé,"0,010%"
Currais Novos,"0,010%"
Jaguaribara,"0,010%"
Icó,"0,010%"
Dona Inês,"0,010%"
Palmeiras,"0,010%"
Itatuba,"0,010%"
Barbalha,"0,010%"
Pedras de Maria da Cruz,"0,010%"
Coreaú,"0,010%"
Gurupi,"0,010%"
Urucânia,"0,010%"
Saúde,"0,010%"
Xambioá,"0,010%"
Nova Olinda,"0,010%"
Juscimeira,"0,010%"
Jaguari,"0,009%"
Paraíso,"0,009%"
Xaxim,"0,009%"
Areia Branca,"0,009%"
Cururupu,"0,009%"
Caroebe,"0,009%"
Tapera,"0,009%"
Porto Firme,"0,009%"
Araruna,"0,009%"
Lagoa do Mato,"0,009%"
Ponto dos Volantes,"0,009%"
Chorrochó,"0,009%"
Boca da Mata,"0,009%"
Cachoeira,"0,009%"
Inhumas,"0,009%"
São João do Ivaí,"0,009%"
Palmeiras de Goiás,"0,009%"
Pau Brasil,"0,009%"
Uruçuca,"0,009%"
Monte Alegre do Piauí,"0,009%"
Icapuí,"0,009%"
Tanhaçu,"0,009%"
Mara Rosa,"0,009%"
Capim Branco,"0,009%"
Governador Newton Bello,"0,009%"
Tangará,"0,009%"
Jardim,"0,009%"
Ibirama,"0,009%"
Cotriguaçu,"0,009%"
Porto Alegre do Norte,"0,009%"
Silva Jardim,"0,009%"
Iramaia,"0,009%"
Paraipaba,"0,009%"
Crateús,"0,009%"
Porto Esperidião,"0,009%"
Nova Santa Rita,"0,009%"
Urupá,"0,009%"
Centenário do Sul,"0,009%"
Martinópole,"0,009%"
Fernando Falcão,"0,009%"
Januária,"0,009%"
Buriti Alegre,"0,009%"
Passa e Fica,"0,009%"
Catanduvas,"0,009%"
São Félix,"0,009%"
Iguaracy,"0,009%"
Piripiri,"0,009%"
Arroio do Meio,"0,009%"
Jaguaribe,"0,009%"
Cavalcante,"0,009%"
Sete Quedas,"0,009%"
Cerro Corá,"0,009%"
Itiruçu,"0,009%"
Recreio,"0,009%"
Muquém de São Francisco,"0,009%"
Moita Bonita,"0,009%"
Laranja da Terra,"0,009%"
Machados,"0,009%"
Governador Lindenberg,"0,009%"
Ruy Barbosa,"0,009%"
Morro do Chapéu,"0,009%"
Mortugaba,"0,009%"
Guaiúba,"0,009%"
Itanhomi,"0,009%"
Bom Jesus de Goiás,"0,009%"
Cacequi,"0,009%"
Seringueiras,"0,009%"
Santo Amaro,"0,009%"
Conceição do Araguaia,"0,009%"
Caculé,"0,009%"
Dois Vizinhos,"0,009%"
Tauá,"0,009%"
Atilio Vivacqua,"0,009%"
Camacan,"0,009%"
Mineiros do Tietê,"0,009%"
São José de Ribamar,"0,009%"
Itaberaba,"0,009%"
Nova Veneza,"0,009%"
São Domingos do Maranhão,"0,009%"
Cardoso,"0,009%"
Nerópolis,"0,009%"
Santana do Mundaú,"0,009%"
Mauriti,"0,009%"
Macapá,"0,009%"
Mundo Novo,"0,009%"
Choró,"0,009%"
Saubara,"0,009%"
Itapemirim,"0,009%"
Ivoti,"0,009%"
Santa Cecília,"0,009%"
Virgem da Lapa,"0,009%"
Mãe do Rio,"0,009%"
Timbó,"0,009%"
Barreirinhas,"0,009%"
Cafelândia,"0,009%"
Tacaratu,"0,009%"
Santa Cruz da Baixa Verde,"0,009%"
Tucumã,"0,009%"
Mirador,"0,009%"
Flores de Goiás,"0,009%"
Alvorada do Sul,"0,009%"
Bom Lugar,"0,009%"
São Gonçalo do Pará,"0,009%"
Santa Luzia do Paruá,"0,009%"
Cupira,"0,009%"
São Tiago,"0,009%"
Aurelino Leal,"0,008%"
Porto Franco,"0,008%"
Axixá,"0,008%"
Alcobaça,"0,008%"
Engenheiro Paulo de Frontin,"0,008%"
Valente,"0,008%"
Licínio de Almeida,"0,008%"
Itiquira,"0,008%"
Lagoa do Ouro,"0,008%"
Amontada,"0,008%"
Bela Vista do Maranhão,"0,008%"
Colares,"0,008%"
Barra do Ribeiro,"0,008%"
Seberi,"0,008%"
Matriz de Camaragibe,"0,008%"
Junqueiro,"0,008%"
Custódia,"0,008%"
Monte Castelo,"0,008%"
Ibiapina,"0,008%"
Boca do Acre,"0,008%"
Iapu,"0,008%"
Perdigão,"0,008%"
Nilo Peçanha,"0,008%"
Espera Feliz,"0,008%"
Satuba,"0,008%"
Mato Verde,"0,008%"
Poções,"0,008%"
Minas Novas,"0,008%"
Guarantã do Norte,"0,008%"
Cláudia,"0,008%"
Riachinho,"0,008%"
Cristais,"0,008%"
Campestre do Maranhão,"0,008%"
Dom Pedrito,"0,008%"
Goianésia,"0,008%"
Ipaumirim,"0,008%"
Pedra Azul,"0,008%"
Camaragibe,"0,008%"
Miranda,"0,008%"
Pinheiral,"0,008%"
Altamira,"0,008%"
Santa Maria do Pará,"0,008%"
São João do Carú,"0,008%"
Pedreiras,"0,008%"
Imaruí,"0,008%"
Pedra Branca do Amapari,"0,008%"
Jacareacanga,"0,008%"
Santana do Paraíso,"0,008%"
Chã de Alegria,"0,008%"
Rio Preto da Eva,"0,008%"
Buíque,"0,008%"
Nossa Senhora do Livramento,"0,008%"
Rio Vermelho,"0,008%"
Santana do Matos,"0,008%"
Coruripe,"0,008%"
Iracema,"0,008%"
Nossa Senhora das Dores,"0,008%"
Taquari,"0,008%"
Barro Alto,"0,008%"
Dores do Indaiá,"0,008%"
Santa Inês,"0,008%"
Itinga,"0,008%"
Formosa do Rio Preto,"0,008%"
Lagoa Dourada,"0,008%"
Pentecoste,"0,008%"
Presidente Jânio Quadros,"0,008%"
São Francisco do Conde,"0,008%"
Costa Marques,"0,008%"
Edéia,"0,008%"
Campina Grande,"0,008%"
Pacaembu,"0,008%"
Jequeri,"0,008%"
Acrelândia,"0,008%"
Rodeio,"0,008%"
Montividiu,"0,008%"
Boa Esperança do Sul,"0,008%"
São João dos Patos,"0,008%"
Ilicínea,"0,008%"
Irecê,"0,008%"
Aracoiaba,"0,008%"
Ipueiras,"0,008%"
Paraíso do Tocantins,"0,008%"
Brejetuba,"0,008%"
Missal,"0,008%"
São Mateus do Maranhão,"0,008%"
Sobradinho,"0,008%"
Candiba,"0,008%"
Flórida Paulista,"0,008%"
Jaru,"0,008%"
Mostardas,"0,008%"
Euclides da Cunha,"0,008%"
Alagoa Grande,"0,008%"
Várzea da Roça,"0,008%"
Dom Feliciano,"0,008%"
Igrapiúna,"0,008%"
Monte Belo,"0,008%"
Grão Mogol,"0,008%"
Primeira Cruz,"0,008%"
Serra do Mel,"0,008%"
Miguel Pereira,"0,008%"
Capelinha,"0,008%"
Caeté,"0,008%"
Santo Amaro do Maranhão,"0,008%"
Coronel Vivida,"0,008%"
Paranaíta,"0,008%"
Porto da Folha,"0,008%"
Nova Crixás,"0,008%"
Manoel Vitorino,"0,008%"
Irupi,"0,008%"
Granja,"0,007%"
Iperó,"0,007%"
Mallet,"0,007%"
Solânea,"0,007%"
Sítio do Mato,"0,007%"
Marcelândia,"0,007%"
Canindé de São Francisco,"0,007%"
Itabaianinha,"0,007%"
Deodápolis,"0,007%"
Minaçu,"0,007%"
Capão do Leão,"0,007%"
Piên,"0,007%"
Elesbão Veloso,"0,007%"
Itambé,"0,007%"
Jiquiriçá,"0,007%"
Sooretama,"0,007%"
Miraí,"0,007%"
Nilópolis,"0,007%"
Sete Barras,"0,007%"
Ibateguara,"0,007%"
Cerro Largo,"0,007%"
Campo Formoso,"0,007%"
Acajutiba,"0,007%"
Santa Maria do Cambucá,"0,007%"
Italva,"0,007%"
Santo Antônio do Leverger,"0,007%"
Ataléia,"0,007%"
Tabira,"0,007%"
Itapissuma,"0,007%"
Ibicuí,"0,007%"
Maranhãozinho,"0,007%"
Sabinópolis,"0,007%"
Águas Belas,"0,007%"
Barra do Mendes,"0,007%"
Siderópolis,"0,007%"
Ladainha,"0,007%"
Vera,"0,007%"
Oiapoque,"0,007%"
Alto Paraná,"0,007%"
Carmópolis,"0,007%"
Ibipitanga,"0,007%"
Miguel Calmon,"0,007%"
Rio Bonito do Iguaçu,"0,007%"
Mirinzal,"0,007%"
Rurópolis,"0,007%"
Novo Gama,"0,007%"
Santa Adélia,"0,007%"
Gravatal,"0,007%"
Águas Vermelhas,"0,007%"
Brumado,"0,007%"
Entre Rios,"0,007%"
Barcarena,"0,007%"
Rio Piracicaba,"0,007%"
Campestre,"0,007%"
Valentim Gentil,"0,007%"
Milhã,"0,007%"
Ulianópolis,"0,007%"
Santo Antônio do Tauá,"0,007%"
Boa Nova,"0,007%"
Santo Antônio do Monte,"0,007%"
Maria da Fé,"0,007%"
Nova Olinda do Maranhão,"0,007%"
Nova Petrópolis,"0,007%"
Gravatá,"0,007%"
Alexânia,"0,007%"
Monte Alegre de Sergipe,"0,007%"
Ipiaú,"0,007%"
Mogeiro,"0,007%"
Capinópolis,"0,007%"
Riacho de Santana,"0,007%"
Caetés,"0,007%"
Tenente Portela,"0,007%"
Piraju,"0,007%"
Turvo,"0,007%"
São Gonçalo do Amarante,"0,007%"
Capitão Leônidas Marques,"0,007%"
Arari,"0,007%"
Penedo,"0,007%"
Pedro Afonso,"0,007%"
Lago Verde,"0,007%"
Coremas,"0,007%"
Jacobina,"0,007%"
Teodoro Sampaio,"0,007%"
Espigão D'Oeste,"0,007%"
Ivinhema,"0,007%"
Douradina,"0,007%"
Angical,"0,007%"
Santa Brígida,"0,007%"
São Francisco de Itabapoana,"0,007%"
Guareí,"0,007%"
Mirangaba,"0,007%"
São Domingos do Capim,"0,007%"
Biritiba-Mirim,"0,007%"
América Dourada,"0,007%"
São Tomé,"0,007%"
Ponta Porã,"0,007%"
Cruz das Almas,"0,007%"
Itaitinga,"0,007%"
Alvinópolis,"0,007%"
São José da Tapera,"0,007%"
Nova Fátima,"0,007%"
Pau dos Ferros,"0,007%"
Pesqueira,"0,007%"
Cruzília,"0,007%"
Afonso Cláudio,"0,007%"
Patrocínio,"0,007%"
Catolé do Rocha,"0,007%"
Lavras da Mangabeira,"0,007%"
Cabrobó,"0,007%"
Alto Araguaia,"0,007%"
Conceição do Almeida,"0,006%"
Careiro,"0,006%"
Messias,"0,006%"
Tururu,"0,006%"
Canapi,"0,006%"
Santa Rosa,"0,006%"
São Pedro do Sul,"0,006%"
Itagibá,"0,006%"
Lagoa Nova,"0,006%"
São Benedito do Sul,"0,006%"
Bom Princípio,"0,006%"
Mandaguaçu,"0,006%"
Carpina,"0,006%"
Aguaí,"0,006%"
Cumaru,"0,006%"
Marmeleiro,"0,006%"
Tapiramutá,"0,006%"
Teolândia,"0,006%"
Canudos,"0,006%"
Cacimba de Dentro,"0,006%"
Catende,"0,006%"
Cruz Machado,"0,006%"
Sátiro Dias,"0,006%"
Águas Lindas de Goiás,"0,006%"
Boa Viagem,"0,006%"
Nova Venécia,"0,006%"
Lagoa da Confusão,"0,006%"
Riachuelo,"0,006%"
Frederico Westphalen,"0,006%"
Cerro Azul,"0,006%"
Dormentes,"0,006%"
Esperantina,"0,006%"
Goiana,"0,006%"
Ipecaetá,"0,006%"
General Carneiro,"0,006%"
Davinópolis,"0,006%"
Maragogi,"0,006%"
Tabatinga,"0,006%"
Utinga,"0,006%"
Lagoa Grande,"0,006%"
Itacarambi,"0,006%"
Bom Jardim,"0,006%"
Cariús,"0,006%"
Santa Margarida,"0,006%"
Neópolis,"0,006%"
Ipojuca,"0,006%"
Sumé,"0,006%"
Nova Resende,"0,006%"
São Paulo do Potengi,"0,006%"
João Câmara,"0,006%"
Capim Grosso,"0,006%"
Agudo,"0,006%"
Anapu,"0,006%"
Cruz do Espírito Santo,"0,006%"
Itiúba,"0,006%"
Mata Roma,"0,006%"
São José dos Quatro Marcos,"0,006%"
Cristinápolis,"0,006%"
Brejo Santo,"0,006%"
Araripina,"0,006%"
Ribeirópolis,"0,006%"
Envira,"0,006%"
Piranhas,"0,006%"
Joaquim Gomes,"0,006%"
Regeneração,"0,006%"
Iati,"0,006%"
Araci,"0,006%"
Sananduva,"0,006%"
Serra do Ramalho,"0,006%"
Itapiúna,"0,006%"
Bodocó,"0,006%"
Lima Duarte,"0,006%"
Antonina,"0,006%"
Mangueirinha,"0,006%"
Fortim,"0,006%"
Manaquiri,"0,006%"
Cantanhede,"0,006%"
Peçanha,"0,006%"
Lagoa do Carro,"0,006%"
Abelardo Luz,"0,006%"
Água Fria,"0,006%"
São Domingos do Prata,"0,006%"
Planalto,"0,006%"
Pocinhos,"0,006%"
Guapó,"0,006%"
Umirim,"0,006%"
São Miguel do Tapuio,"0,006%"
São João do Rio do Peixe,"0,006%"
Matões do Norte,"0,006%"
Pio IX,"0,006%"
Boqueirão,"0,006%"
Ubaitaba,"0,006%"
Assaí,"0,006%"
Pitimbu,"0,006%"
Porto Nacional,"0,006%"
Buritis,"0,006%"
Campina Verde,"0,006%"
Floresta do Araguaia,"0,006%"
Ponto Novo,"0,006%"
Ibititá,"0,006%"
Itaberá,"0,006%"
Sapeaçu,"0,006%"
Ribeira do Pombal,"0,006%"
Gameleira,"0,006%"
Serra Preta,"0,006%"
Jacundá,"0,006%"
Varjota,"0,006%"
Júlio de Castilhos,"0,006%"
Amargosa,"0,006%"
Amarante do Maranhão,"0,006%"
Campo do Brito,"0,006%"
Xapuri,"0,006%"
Serrita,"0,005%"
Belém do São Francisco,"0,005%"
Aveiro,"0,005%"
Campos Belos,"0,005%"
Picuí,"0,005%"
Governador Edison Lobão,"0,005%"
Belo Campo,"0,005%"
Brasnorte,"0,005%"
Carnaíba,"0,005%"
Capoeiras,"0,005%"
Alcântara,"0,005%"
Matelândia,"0,005%"
Ribeirão Branco,"0,005%"
Arinos,"0,005%"
Santo Estêvão,"0,005%"
São Raimundo das Mangabeiras,"0,005%"
Porteirinha,"0,005%"
Mulungu,"0,005%"
Morro da Fumaça,"0,005%"
Garuva,"0,005%"
Pastos Bons,"0,005%"
Rio Largo,"0,005%"
Abaré,"0,005%"
Açu,"0,005%"
Pontalina,"0,005%"
Pato Branco,"0,005%"
Ituaçu,"0,005%"
Ouro Preto,"0,005%"
Oeiras,"0,005%"
São José de Piranhas,"0,005%"
Santa Cruz,"0,005%"
Vilhena,"0,005%"
Amambai,"0,005%"
Cocos,"0,005%"
Rio Brilhante,"0,005%"
Senador Canedo,"0,005%"
Quitandinha,"0,005%"
Caraí,"0,005%"
Castelo do Piauí,"0,005%"
Boa Vista do Tupim,"0,005%"
Várzea Alegre,"0,005%"
Buritirama,"0,005%"
Paraibano,"0,005%"
Quixeramobim,"0,005%"
Terra Nova,"0,005%"
Tavares,"0,005%"
Crisópolis,"0,005%"
Abaetetuba,"0,005%"
São Gonçalo dos Campos,"0,005%"
Nova Hartz,"0,005%"
Rubiataba,"0,005%"
Simonésia,"0,005%"
Rio Verde de Mato Grosso,"0,005%"
Iranduba,"0,005%"
Curionópolis,"0,005%"
Ervália,"0,005%"
Lucélia,"0,005%"
Porto Real do Colégio,"0,005%"
Balsas,"0,005%"
Aquidabã,"0,005%"
Pompéia,"0,005%"
Crixás,"0,005%"
Salgado,"0,005%"
Riacho das Almas,"0,005%"
Pauini,"0,005%"
Fátima do Sul,"0,005%"
Maués,"0,005%"
Itatira,"0,005%"
Paraisópolis,"0,005%"
Formoso do Araguaia,"0,005%"
Peritoró,"0,005%"
Ipu,"0,005%"
São João de Pirabas,"0,005%"
Chaves,"0,005%"
Nossa Senhora da Glória,"0,005%"
Atalaia,"0,005%"
Lajinha,"0,005%"
São José da Laje,"0,005%"
Conceição de Macabu,"0,005%"
Floresta,"0,005%"
Quixeré,"0,005%"
Ibicoara,"0,005%"
Ladário,"0,005%"
Alagoa Nova,"0,005%"
Santa Bárbara do Pará,"0,005%"
Itabaiana,"0,005%"
Mari,"0,005%"
Rolante,"0,005%"
Caaporã,"0,005%"
Itarema,"0,005%"
Apuí,"0,005%"
Parelhas,"0,005%"
Francisco Sá,"0,005%"
Itapaci,"0,005%"
Caravelas,"0,005%"
São Miguel do Guaporé,"0,005%"
Guaraciaba,"0,005%"
Senador Guiomard,"0,005%"
Ibirubá,"0,005%"
Quissamã,"0,005%"
Bom Conselho,"0,005%"
Ituberá,"0,005%"
Ecoporanga,"0,005%"
Porangatu,"0,005%"
Santos Dumont,"0,005%"
Igarapé-Miri,"0,005%"
São José do Vale do Rio Preto,"0,005%"
Cedral,"0,005%"
Belo Oriente,"0,005%"
Aquidauana,"0,005%"
Jatobá,"0,004%"
Encruzilhada do Sul,"0,004%"
Encantado,"0,004%"
Olindina,"0,004%"
Areia,"0,004%"
Hidrolândia,"0,004%"
Governador Nunes Freire,"0,004%"
Oliveira dos Brejinhos,"0,004%"
Ilha de Itamaracá,"0,004%"
Pedra,"0,004%"
Jucás,"0,004%"
Conceição da Feira,"0,004%"
Cachoeira do Arari,"0,004%"
Água Branca,"0,004%"
Corinto,"0,004%"
Jaguaquara,"0,004%"
Dias d'Ávila,"0,004%"
Medeiros Neto,"0,004%"
Bananeiras,"0,004%"
Santa Terezinha de Itaipu,"0,004%"
Itapajé,"0,004%"
Belmonte,"0,004%"
Santana,"0,004%"
Altos,"0,004%"
Quaraí,"0,004%"
Traipu,"0,004%"
São Miguel,"0,004%"
Orleans,"0,004%"
Bela Vista,"0,004%"
Pinheiros,"0,004%"
Paulo Afonso,"0,004%"
Coari,"0,004%"
Caraúbas,"0,004%"
Itaporã,"0,004%"
Boa Vista do Ramos,"0,004%"
Nova Soure,"0,004%"
Novo Aripuanã,"0,004%"
Senador Pompeu,"0,004%"
Canhotinho,"0,004%"
Ipixuna,"0,004%"
Ocara,"0,004%"
Guabiruba,"0,004%"
Boquim,"0,004%"
Salvaterra,"0,004%"
São Lourenço do Oeste,"0,004%"
Guaporé,"0,004%"
Riachão,"0,004%"
Iguaí,"0,004%"
Campos Sales,"0,004%"
Murici,"0,004%"
Três Coroas,"0,004%"
Anagé,"0,004%"
Nova Mamoré,"0,004%"
Sapé,"0,004%"
Iraquara,"0,004%"
Marco,"0,004%"
Santa Bárbara,"0,004%"
Campos Gerais,"0,004%"
Bacabal,"0,004%"
Paragominas,"0,004%"
Caririaçu,"0,004%"
Wenceslau Guimarães,"0,004%"
São Sebastião do Caí,"0,004%"
Ourilândia do Norte,"0,004%"
Paripiranga,"0,004%"
Tutóia,"0,004%"
Canela,"0,004%"
Goianinha,"0,004%"
Chapadinha,"0,004%"
São José da Lapa,"0,004%"
Moreno,"0,004%"
Feira Nova,"0,004%"
Ibirapitanga,"0,004%"
Ibimirim,"0,004%"
Barra do Bugres,"0,004%"
Rio Pardo de Minas,"0,004%"
Lagoa Seca,"0,004%"
Maracás,"0,004%"
Conceição da Barra,"0,004%"
Irará,"0,004%"
Capitão Poço,"0,004%"
Candelária,"0,004%"
Coração de Maria,"0,004%"
Tupanatinga,"0,004%"
Ipubi,"0,003%"
Colniza,"0,003%"
Piracuruca,"0,003%"
Ipirá,"0,003%"
Glória do Goitá,"0,003%"
Carauari,"0,003%"
Paty do Alferes,"0,003%"
Espinosa,"0,003%"
Buriti,"0,003%"
Carlos Barbosa,"0,003%"
Imbituva,"0,003%"
Muaná,"0,003%"
Vitorino Freire,"0,003%"
São Francisco,"0,003%"
Brasil Novo,"0,003%"
Eldorado do Carajás,"0,003%"
Nova Russas,"0,003%"
Irituia,"0,003%"
Quedas do Iguaçu,"0,003%"
Marapanim,"0,003%"
São Luís do Quitunde,"0,003%"
Condado,"0,003%"
Parambu,"0,003%"
São José do Egito,"0,003%"
Esperança,"0,003%"
Estrela,"0,003%"
Taperoá,"0,003%"
Monteiro,"0,003%"
Itamarandiba,"0,003%"
Pombal,"0,003%"
Santana de Parnaíba,"0,003%"
Correntina,"0,003%"
Cedro,"0,003%"
Urbano Santos,"0,003%"
Itapecuru Mirim,"0,003%"
Palmeira das Missões,"0,003%"
Pires do Rio,"0,003%"
Borba,"0,003%"
Sousa,"0,003%"
Inhambupe,"0,003%"
Cantagalo,"0,003%"
Esplanada,"0,003%"
Brejo,"0,003%"
Tuntum,"0,003%"
Posse,"0,003%"
Pomerode,"0,003%"
Conceição do Jacuípe,"0,003%"
Laranjal do Jari,"0,003%"
Rondon do Pará,"0,003%"
Pinhão,"0,003%"
Girau do Ponciano,"0,003%"
Apodi,"0,003%"
Rosário,"0,003%"
Queimadas,"0,003%"
Santaluz,"0,003%"
Benjamin Constant,"0,003%"
Maravilha,"0,003%"
Araioses,"0,003%"
São Domingos,"0,002%"
Toritama,"0,002%"
São Sebastião do Passé,"0,002%"
Remanso,"0,002%"
Zé Doca,"0,002%"
Macaúbas,"0,002%"
Barra do Corda,"0,002%"
Pinheiro,"0,002%"
José de Freitas,"0,002%"
Maracaju,"0,002%"
Lago da Pedra,"0,002%"
Mamanguape,"0,002%"
Santana do Ipanema,"0,002%"
Xique-Xique,"0,002%"
Parintins,"0,002%"
Catu,"0,002%"
Estância Velha,"0,002%"
Quirinópolis,"0,002%"
Barra,"0,002%"
Buriticupu,"0,002%"
São Miguel do Guamá,"0,002%"
Itupiranga,"0,002%"
Óbidos,"0,002%"
Manicoré,"0,002%"
Viçosa do Ceará,"0,002%"
Presidente Dutra,"0,002%"
Acaraú,"0,002%"
Ouricuri,"0,002%"
Bom Jesus da Lapa,"0,001%"
Tomé-Açu,"0,001%"
São Bento,"0,001%"
São Félix do Xingu,"0,001%"
Tailândia,"0,001%"
Tucuruí,"0,001%"
Marabá,"0,001%"
