municipios,%var_pop_rua,pop_rua
São Paulo,-4%,37200
Belo Horizonte,-6%,9147
Rio de Janeiro,54%,8693
Brasília,59%,5281
Salvador,131%,4259
Fortaleza,41%,4182
Curitiba,12%,2782
Porto Alegre,-16%,2048
Boa Vista,87%,1923
Campinas,16%,1905
Florianópolis,16%,1314
Recife,73%,1087
Goiânia,-11%,1035
São Bernardo do Campo,-6%,1024
Guarulhos,6%,982
São José dos Campos,11%,844
Sorocaba,-2%,813
Manaus,80%,805
Osasco,77%,805
São Luís,23%,770
Natal,-2%,736
Londrina,9%,725
Cuiabá,15%,724
Joinville,91%,713
São José do Rio Preto,22%,682
Juiz de Fora,28%,654
Suzano,-18%,645
Caxias do Sul,7%,644
Aracaju,9%,643
Contagem,41%,622
Niterói,57%,621
Rondonópolis,5%,619
Santos,-3%,610
Mogi das Cruzes,7%,595
Franca,37%,566
Uberlândia,-6%,536
Campo Grande,6%,532
Foz do Iguaçu,104%,528
Vitória,2%,522
Teresina,41%,502
Barueri,27%,487
Maceió,-42%,480
Maringá,4%,463
Itu,47%,433
Belém,42%,420
São Vicente,-10%,418
Vila Velha,-7%,417
Diadema,49%,414
Nova Iguaçu,35%,405
Blumenau,78%,403
Cascavel,4%,403
Piracicaba,11%,391
Petrópolis,28%,378
Serra,-4%,378
Caraguatatuba,26%,377
São José dos Pinhais,24%,371
Sinop,-28%,358
Caucaia,22%,353
Santo André,-32%,341
Itajaí,-4%,334
Praia Grande,58%,334
Poços de Caldas,-8%,330
Governador Valadares,10%,326
Feira de Santana,169%,323
Maracanaú,-6%,323
Sete Lagoas,20%,320
Bauru,-27%,317
Vitória da Conquista,166%,314
Ribeirão Preto,-30%,305
Marília,-26%,303
Novo Hamburgo,-22%,300
Presidente Prudente,-24%,299
Betim,12%,297
Carapicuíba,96%,286
Apucarana,-32%,281
Taubaté,-5%,271
Indaiatuba,71%,270
Itapetininga,55%,270
Rio Grande,5%,269
Campos dos Goytacazes,11%,265
Gravataí,-31%,262
Caruaru,172%,256
Ponta Grossa,-38%,255
Macaé,-19%,252
Petrolina,-14%,252
Divinópolis,81%,250
Lages,6%,249
Pelotas,43%,244
Montes Claros,12%,237
Limeira,17%,232
Araçatuba,-23%,228
Itanhaém,-11%,226
Guarujá,-19%,223
São Leopoldo,3%,221
Balneário Camboriú,116%,220
Ourinhos,28%,213
Jaú,37%,211
São Gonçalo,30%,210
São Carlos,27%,209
Uberaba,25%,208
Ipatinga,2%,200
Juazeiro do Norte,1%,200
Embu das Artes,-13%,195
Sapucaia do Sul,3%,194
Volta Redonda,31%,193
Araucária,55%,192
Franco da Rocha,116%,192
Paranaguá,30%,191
Colatina,45%,190
Luziânia,40%,190
Canoas,-30%,188
Atibaia,-19%,187
Batatais,22%,186
São José,22%,185
Jaboatão dos Guararapes,3%,184
Mauá,-6%,183
Parnamirim,-4%,183
Rio das Ostras,-5%,183
Rio Claro,43%,182
Cachoeiro de Itapemirim,166%,181
Castanhal,15%,181
Pouso Alegre,52%,181
Tubarão,46%,180
Duque de Caxias,121%,179
Arapiraca,19%,175
Anápolis,8%,172
Poá,31%,172
Barra Mansa,47%,171
Ubatuba,23%,170
Teófilo Otoni,66%,168
Umuarama,-22%,167
Birigui,-2%,164
Arapongas,-18%,163
Jundiaí,13%,163
Juazeiro,34%,162
João Pessoa,28%,160
Cariacica,64%,159
Itabuna,3%,159
São Sebastião do Paraíso,9%,158
Barretos,17%,157
Guarapuava,109%,157
Maricá,70%,155
Araraquara,31%,153
Araras,253%,152
Francisco Morato,24%,152
Parauapebas,-7%,152
Passo Fundo,-10%,151
São João de Meriti,74%,151
Bragança Paulista,-16%,150
Magé,150%,150
Passos,173%,150
Santa Maria,20%,149
Alvorada,101%,147
Pacatuba,53%,147
Sobral,12%,147
São João del Rei,57%,146
Itaquaquecetuba,13%,144
Vinhedo,63%,140
Itaguaí,11%,138
Jacareí,-15%,138
Criciúma,48%,136
Rio Branco,-23%,136
Guarapari,238%,135
Jaboticabal,30%,134
Torres,85%,133
Três Lagoas,-21%,131
Santa Cruz do Sul,-5%,130
Olinda,2%,129
Itapema,49%,128
Pinhais,52%,128
São Caetano do Sul,24%,128
Varginha,9%,128
Alfenas,68%,126
Brusque,-18%,126
Esteio,-23%,126
Porto Seguro,24%,124
Lins,20%,122
Campo Mourão,147%,121
Ilhéus,10%,121
Cabo de Santo Agostinho,19%,120
Palmas,30%,120
Fazenda Rio Grande,105%,119
Ubá,27%,118
Amparo,-18%,117
Biguaçu,350%,117
Mossoró,70%,117
Várzea Grande,11%,117
Cabo Frio,222%,116
Guaratinguetá,25%,116
Caratinga,41%,114
Barbacena,40%,113
Capão da Canoa,96%,112
Porto Velho,133%,112
Sumaré,-19%,112
Americana,51%,109
Imperatriz,31%,109
Cachoeirinha,-17%,108
Santarém,-26%,108
Viamão,21%,108
Palhoça,20%,107
Ribeirão das Neves,47%,107
Nova Friburgo,74%,106
Salto,23%,106
Bertioga,-8%,105
Sertãozinho,-3%,105
Catanduva,-6%,104
Peruíbe,3%,104
Mesquita,2%,103
Taboão da Serra,0%,103
Valinhos,84%,103
Formosa,64%,100
Primavera do Leste,82%,100
Itatiba,55%,99
Porto Ferreira,24%,99
Resende,-4%,99
Itapecerica da Serra,20%,98
Cotia,52%,97
Paracatu,47%,97
Itajubá,-36%,96
Dourados,157%,95
Araxá,47%,94
Avaré,31%,94
Conselheiro Lafaiete,-11%,94
Guaíba,54%,94
Itapevi,8%,94
Itapira,-5%,94
Chapecó,29%,93
Aparecida de Goiânia,-10%,91
Hortolândia,355%,91
Muriaé,67%,90
Angra dos Reis,162%,89
Ferraz de Vasconcelos,48%,89
Colombo,49%,88
Pará de Minas,12%,87
Araguari,42%,85
Lorena,507%,85
Rio Verde,110%,84
Timon,17%,84
Barreiras,11%,83
Cubatão,-28%,83
São Roque,1%,83
Uruguaiana,41%,82
Vitória de Santo Antão,8%,82
Mogi Guaçu,-17%,81
Mogi Mirim,5%,81
Campo Largo,38%,80
Palmeira dos Índios,11%,80
Santa Rita do Sapucaí,72%,79
Vespasiano,93%,79
Guaratuba,20%,78
Parnaíba,212%,78
Bento Gonçalves,26%,77
São Gotardo,67%,77
Votorantim,97%,77
Caçapava,121%,75
Registro,53%,75
Teresópolis,142%,75
Cachoeira do Sul,-3%,74
Cruzeiro,51%,74
Itapeva,-30%,74
Penápolis,17%,74
Alagoinhas,28%,73
Pindamonhangaba,52%,73
Valença,38%,73
Ananindeua,112%,72
Monte Alto,1700%,72
Piedade,112%,72
Tanabi,80%,72
Teixeira de Freitas,3%,72
Balneário Piçarras,73%,71
Ibiúna,103%,71
Navegantes,20%,71
Santa Luzia,0%,71
Tatuí,9%,71
Camaçari,75%,70
Cambé,-66%,70
Pirassununga,-9%,70
Coronel Fabriciano,-17%,69
Jaraguá do Sul,64%,69
Santa Bárbara d'Oeste,-27%,69
Imbé,31%,68
Trindade,172%,68
Cianorte,97%,67
Eunápolis,-12%,66
Patos de Minas,35%,66
São Sebastião,29%,66
Três Rios,187%,66
Campo Bom,110%,65
Tramandaí,63%,65
Ibiporã,49%,64
Bebedouro,152%,63
Gaspar,-13%,63
Toledo,26%,63
Araruama,-16%,62
Jardinópolis,-19%,62
Aracruz,22%,61
Crato,103%,61
Andradas,33%,60
Lauro de Freitas,114%,60
Mineiros,94%,60
Vacaria,103%,59
Pacajus,132%,58
Belford Roxo,87%,56
Paraty,-8%,56
Taquara,51%,56
Erechim,-15%,55
Itaúna,1000%,55
Santa Rita,25%,55
Andradina,157%,54
Ituiutaba,116%,54
Votuporanga,4%,54
Arujá,36%,53
Itabira,194%,53
Jacarezinho,165%,53
Jequié,-34%,53
Mongaguá,-10%,53
Nova Lima,212%,53
Nova Odessa,77%,53
Sabará,-7%,53
Baixo Guandu,18%,52
Caxias,-5%,52
Curvelo,160%,52
Lavras,63%,52
Matinhos,73%,52
Leme,55%,51
Russas,920%,51
Caçador,-6%,50
Dracena,32%,50
Embu-Guaçu,22%,50
Guaíra,43%,50
Valparaíso de Goiás,525%,50
Itumbiara,250%,49
Mococa,-2%,49
Barra do Garças,66%,48
Ibirité,-21%,48
Paulínia,118%,48
Rio do Sul,-32%,48
Lagoa Santa,42%,47
Lençóis Paulista,130%,46
Maranguape,318%,46
Piraquara,-4%,46
Visconde do Rio Branco,92%,46
Assis,-10%,44
Itaboraí,76%,44
Jandira,76%,44
Patos,42%,44
Paulista,91%,44
Tietê,144%,44
Bayeux,54%,43
Bragança,13%,43
Espírito Santo do Pinhal,169%,43
Francisco Beltrão,207%,43
Porto Feliz,8%,43
Venâncio Aires,23%,43
Campo Limpo Paulista,40%,42
Linhares,14%,42
Macapá,45%,42
Pedro Leopoldo,75%,42
Ilhabela,310%,41
Manacapuru,24%,41
Rolândia,3%,41
Santa Izabel do Pará,156%,41
São Mateus,-23%,41
Bagé,-20%,40
Barra Velha,33%,40
Cambuí,38%,40
Aimorés,56%,39
Cáceres,105%,39
Cassilândia,875%,39
Jarinu,50%,39
José Bonifácio,63%,39
Olímpia,-22%,39
Caieiras,217%,38
Cruz Alta,31%,38
Fernandópolis,-39%,38
Guaramirim,27%,38
Matão,100%,38
Abreu e Lima,270%,37
Cajamar,19%,37
Castro,19%,37
Itararé,42%,37
Laguna,42%,37
Mariana,23%,37
Nova Granada,0%,37
Osório,76%,37
Pontal,42%,37
Sorriso,61%,37
Ibitinga,44%,36
Igarapé,57%,36
Paço do Lumiar,500%,36
Pedreira,6%,36
Pirenópolis,350%,36
Ponte Nova,38%,36
Sant'Ana do Livramento,80%,36
Barra do Piraí,67%,35
Benevides,775%,35
Itaperuna,119%,35
Nanuque,133%,35
Penha,52%,35
Pirapora,40%,35
São Borja,119%,35
São João da Boa Vista,13%,35
Sapiranga,150%,35
Sarandi,94%,35
Astorga,0%,34
Cabedelo,42%,34
Esmeraldas,209%,34
João Pinheiro,127%,34
Juatuba,580%,34
Juquitiba,17%,34
Lucas do Rio Verde,26%,34
Marataízes,183%,34
Nossa Senhora do Socorro,10%,34
São Pedro da Aldeia,70%,34
Telêmaco Borba,48%,34
Campina Grande,57%,33
Descalvado,-6%,33
Mirassol,-35%,33
Monte Sião,136%,33
São Lourenço,94%,33
Araguaína,256%,32
Boituva,-30%,32
Iguatu,113%,32
Jales,14%,32
Porto Belo,68%,32
Rio Grande da Serra,-18%,32
Santa Isabel,-26%,32
Seropédica,68%,32
Extrema,-26%,31
Igarassu,72%,31
Jacupiranga,48%,31
Lagoa da Prata,55%,31
Monte Mor,3%,31
São José de Mipibu,138%,31
São Manuel,343%,31
Sombrio,72%,31
Timóteo,41%,31
Garça,67%,30
Horizonte,30%,30
Leopoldina,-25%,30
Tupã,76%,30
Várzea Paulista,30%,30
Ariquemes,164%,29
Bom Jesus dos Perdões,12%,29
Cravinhos,61%,29
Ituverava,0%,29
Louveira,26%,29
Mandaguari,21%,29
Parobé,867%,29
Pontal do Paraná,123%,29
São José do Rio Pardo,16%,29
Bombinhas,56%,28
Brotas,115%,28
Campo Novo do Parecis,100%,28
Campo Verde,4%,28
Medianeira,17%,28
Pimenta Bueno,-20%,28
Araranguá,-56%,27
Farroupilha,29%,27
Jataí,23%,27
Mangaratiba,23%,27
Montenegro,59%,27
Santo Antônio de Jesus,440%,27
Taquaritinga,125%,27
Água Boa,-4%,26
Araquari,767%,26
Concórdia,-7%,26
Itaguara,225%,26
Lagarto,-4%,26
Santa Cruz do Rio Pardo,-38%,26
Alta Floresta,-60%,25
Cambará,79%,25
Cristalina,400%,25
Extremoz,79%,25
Goiás,178%,25
Itaituba,-24%,25
Mafra,67%,25
Marituba,67%,25
Ortigueira,32%,25
Ribeirão Pires,-7%,25
Santo Antônio da Platina,-22%,25
Barão de Cocais,300%,24
Carazinho,14%,24
Catalão,60%,24
Congonhas,380%,24
Garopaba,-4%,24
Guapimirim,100%,24
Imbituba,14%,24
Irati,118%,24
Orlândia,20%,24
Pacaraima,300%,24
Paranavaí,60%,24
Pederneiras,-14%,24
Porecatu,-23%,24
Santo Antônio da Patrulha,4%,24
São Joaquim da Barra,26%,24
São José de Ribamar,71%,24
Simões Filho,167%,24
Viçosa,-40%,24
Ilhota,2200%,23
Itapipoca,21%,23
Manhuaçu,92%,23
Paraguaçu Paulista,-8%,23
Piracaia,130%,23
Santa Maria de Jetibá,188%,23
São Francisco do Sul,-12%,23
São Joaquim,28%,23
São Thomé das Letras,109%,23
Vera Cruz,15%,23
Armação dos Búzios,144%,22
Baependi,-21%,22
Balneário Arroio do Silva,69%,22
Brumadinho,175%,22
Castelo,-8%,22
Frutal,214%,22
Garanhuns,450%,22
Guararapes,69%,22
Indaial,22%,22
Macaíba,120%,22
Mairiporã,16%,22
Miracatu,0%,22
Oliveira,83%,22
Piraí,100%,22
Tijucas,-58%,22
Unaí,144%,22
Alegrete,31%,21
Belo Jardim,133%,21
Bom Despacho,163%,21
Camboriú,-30%,21
Candeias,11%,21
Cerquilho,-9%,21
Guaxupé,-68%,21
Itapetinga,133%,21
João Monlevade,75%,21
Paiçandu,110%,21
Santa Helena,-36%,21
São Mateus do Sul,0%,21
Saquarema,163%,21
Videira,950%,21
Bariri,43%,20
Botucatu,-23%,20
Cândido Mota,-5%,20
Ijuí,0%,20
Ivaiporã,25%,20
Joaçaba,5%,20
Luís Eduardo Magalhães,122%,20
Marechal Floriano,25%,20
Morro Agudo,-13%,20
Queimados,900%,20
Três Pontas,11%,20
Américo Brasiliense,73%,19
Araçoiaba da Serra,19%,19
Cachoeiras de Macacu,90%,19
Itapoá,90%,19
Lapa,111%,19
Monte Carmelo,533%,19
Morrinhos,27%,19
Nova Andradina,-5%,19
Novo Progresso,27%,19
Palmares,36%,19
Rio Pardo,-5%,19
São Bento do Sul,90%,19
São Miguel Arcanjo,-21%,19
Viana,19%,19
Barra de São Francisco,20%,18
Cacoal,29%,18
Camaquã,50%,18
Capanema,350%,18
Capivari,-69%,18
Cosmópolis,-22%,18
Cruzeiro do Sul,200%,18
Iguape,80%,18
Janaúba,0%,18
Lajeado,-47%,18
Mandirituba,100%,18
Morretes,0%,18
Piumhi,50%,18
Redenção,-14%,18
Santa Gertrudes,-18%,18
Siqueira Campos,500%,18
Tangará da Serra,80%,18
Açailândia,89%,17
Cambuquira,70%,17
Canaã dos Carajás,240%,17
Cláudio,467%,17
Conselheiro Pena,55%,17
Curitibanos,55%,17
Nova Mutum,113%,17
Nova Serrana,-23%,17
Piúma,55%,17
Aquiraz,60%,16
Casa Branca,-27%,16
Corumbá,-75%,16
Formiga,167%,16
Jaraguá,60%,16
Osvaldo Cruz,300%,16
Salgueiro,-48%,16
Santa Cruz do Capibaribe,-24%,16
São Lourenço da Mata,220%,16
São Miguel do Oeste,167%,16
Serrinha,129%,16
Vargem Grande Paulista,167%,16
Acopiara,-25%,15
Bady Bassitt,200%,15
Bom Jesus do Itabapoana,36%,15
Buritama,-17%,15
Caldas Novas,150%,15
Carangola,50%,15
Cataguases,-12%,15
Codó,7%,15
Cordeirópolis,50%,15
Cornélio Procópio,-29%,15
Ibiá,15%,15
Ituporanga,7%,15
Japeri,-29%,15
Ji-Paraná,50%,15
Mairinque,400%,15
Reserva,67%,15
Rio Bonito,-6%,15
Salinas,400%,15
Santa Cruz das Palmeiras,50%,15
Santo Amaro da Imperatriz,88%,15
Santo Ângelo,0%,15
Tremembé,-29%,15
Três Corações,67%,15
Três Marias,150%,15
Almirante Tamandaré,-44%,14
Barra dos Coqueiros,8%,14
Bicas,180%,14
Carandaí,27%,14
Engenheiro Caldas,8%,14
Estância,367%,14
Goianira,1300%,14
Itatinga,40%,14
Itupeva,-33%,14
Pariquera-Açu,8%,14
Pereira Barreto,27%,14
Piraí do Sul,250%,14
Pitangui,17%,14
Planaltina,-58%,14
Prudentópolis,133%,14
Santa Fé do Sul,0%,14
Santa Rita do Passa Quatro,-22%,14
São Joaquim de Bicas,40%,14
União dos Palmares,0%,14
Xangri-lá,40%,14
Águas Lindas de Goiás,18%,13
Anadia,0%,13
Beberibe,225%,13
Caicó,-13%,13
Cajuru,63%,13
Conchal,550%,13
Fundão,0%,13
Ibotirama,30%,13
Içara,-13%,13
Itanhandu,117%,13
Itaocara,-7%,13
Itatiaia,30%,13
Jaguariúna,86%,13
Jandaia do Sul,63%,13
Jijoca de Jericoacoara,117%,13
Marechal Cândido Rondon,117%,13
Matozinhos,333%,13
Monte Aprazível,-28%,13
Pirajuí,63%,13
Quixadá,44%,13
Santo Antônio de Posse,160%,13
São João Batista,-41%,13
Ubiratã,86%,13
Vargem Grande do Sul,-7%,13
Afrânio,200%,12
Aracati,1100%,12
Boa Esperança,71%,12
Bonito,-29%,12
Borborema,300%,12
Braço do Norte,-33%,12
Camaragibe,0%,12
Campo Belo,9%,12
Canindé,-40%,12
Cidreira,0%,12
Coxim,-54%,12
Dom Eliseu,50%,12
Domingos Martins,71%,12
Guanambi,71%,12
Iguaba Grande,500%,12
Itaberaí,20%,12
Itacoatiara,0%,12
Itápolis,140%,12
Jaguaré,50%,12
Marialva,-25%,12
Matias Barbosa,33%,12
Ouro Branco,20%,12
Paraíba do Sul,200%,12
Picos,-40%,12
Pontes e Lacerda,33%,12
Ribas do Rio Pardo,20%,12
Sacramento,140%,12
Santa Teresa,-25%,12
Santiago,71%,12
São Benedito,33%,12
São Gonçalo do Amarante,140%,12
Sarzedo,500%,12
Senhor do Bonfim,140%,12
Serra Talhada,140%,12
Sertanópolis,300%,12
Veríssimo,1100%,12
Wenceslau Braz,100%,12
Abadiânia,-39%,11
Altamira,120%,11
Aparecida,57%,11
Aparecida do Taboado,175%,11
Arcos,0%,11
Arcoverde,57%,11
Barroso,10%,11
Bom Sucesso,1000%,11
Cajati,83%,11
Cajazeiras,1000%,11
Canoinhas,120%,11
Capinzal,38%,11
Capivari de Baixo,450%,11
Carmo da Cachoeira,-35%,11
Ceará-Mirim,38%,11
Chapada dos Guimarães,22%,11
Colina,38%,11
Delmiro Gouveia,450%,11
Divino,-15%,11
Elói Mendes,-21%,11
Eusébio,57%,11
Guaranésia,-27%,11
Guararema,10%,11
Iacanga,0%,11
Itaí,-21%,11
Itatiaiuçu,1000%,11
Jaciara,0%,11
Lambari,0%,11
Mirandópolis,10%,11
Nilópolis,57%,11
Panorama,22%,11
Paraopeba,175%,11
Rio Negro,450%,11
Santo Antônio do Descoberto,83%,11
São Cristóvão,-31%,11
São Francisco de Paula,22%,11
Serrana,0%,11
Sidrolândia,-27%,11
Tapurah,267%,11
Tianguá,83%,11
Agudos,-17%,10
Alto Paraíso de Goiás,-9%,10
Alto Piquiri,400%,10
Arraial do Cabo,150%,10
Balneário Pinhal,25%,10
Bataguassu,150%,10
Bocaiúva,-9%,10
Caçapava do Sul,-9%,10
Camanducaia,11%,10
Campos do Jordão,233%,10
Carambeí,25%,10
Carlos Chagas,0%,10
Cidade Ocidental,11%,10
Codajás,-9%,10
Conceição das Alagoas,400%,10
Diamantina,233%,10
Garibaldi,-9%,10
Gramado,100%,10
Guariba,67%,10
Itabela,150%,10
Itajobi,-67%,10
Iturama,0%,10
Jacutinga,150%,10
Juína,-71%,10
Loanda,67%,10
Mateus Leme,0%,10
Mucuri,67%,10
Mutum,43%,10
Muzambinho,150%,10
Naviraí,67%,10
Novo Horizonte,11%,10
Passa Quatro,25%,10
Peixoto de Azevedo,233%,10
Piracanjuba,233%,10
Santa Maria da Vitória,25%,10
Santa Rosa de Viterbo,67%,10
São Gabriel do Oeste,25%,10
Serra Negra,150%,10
Timbaúba,11%,10
Touros,100%,10
Urussanga,43%,10
Venda Nova do Imigrante,-23%,10
Vila Valério,233%,10
Xanxerê,11%,10
Alfredo Wagner,800%,9
Anchieta,-31%,9
Andirá,-25%,9
Arceburgo,0%,9
Artur Nogueira,-18%,9
Balneário Gaivota,800%,9
Bandeirantes,0%,9
Barcarena,-18%,9
Cabreúva,80%,9
Dois Córregos,80%,9
Gandu,13%,9
Guarabira,-25%,9
Igaratá,-10%,9
Iguatemi,50%,9
Iporá,200%,9
Itamaraju,0%,9
Limoeiro,200%,9
Limoeiro do Norte,800%,9
Mantena,0%,9
Marechal Deodoro,-18%,9
Milagres,125%,9
Nova Cruz,200%,9
Nova Era,13%,9
Novo Cruzeiro,800%,9
Pedro Canário,13%,9
Piratininga,125%,9
Portão,50%,9
Rosário do Sul,350%,9
Santa Rita de Cássia,-10%,9
São Gonçalo do Abaeté,350%,9
Socorro,29%,9
Soledade,13%,9
Tefé,0%,9
Vargem,50%,9
Vassouras,29%,9
Abaetetuba,0%,8
Almenara,60%,8
Arroio do Sal,100%,8
Aurora,0%,8
Balsa Nova,100%,8
Bastos,300%,8
Bela Vista do Paraíso,60%,8
Brodowski,300%,8
Buri,100%,8
Camocim,33%,8
Campanha,-11%,8
Campina Grande do Sul,60%,8
Canavieiras,700%,8
Capão Bonito,33%,8
Carmo do Paranaíba,60%,8
Charqueadas,300%,8
Colorado,60%,8
Conchas,0%,8
Conde,-27%,8
Cordeiro,100%,8
Costa Rica,300%,8
Cristais Paulista,-11%,8
Cunha,300%,8
Dois Irmãos,167%,8
Escada,60%,8
Fartura,100%,8
Goioerê,14%,8
Gurupi,0%,8
Itabirito,60%,8
Itaobim,167%,8
Itaqui,-43%,8
Jaci,300%,8
Jaguariaíva,60%,8
Jequitinhonha,-33%,8
Juquiá,60%,8
Macatuba,300%,8
Martinho Campos,60%,8
Orós,700%,8
Palmeira,14%,8
Palotina,-43%,8
Panambi,100%,8
Paracambi,-43%,8
Pedro II,-27%,8
Ressaquinha,100%,8
Rio Negrinho,0%,8
Rolim de Moura,60%,8
Roseira,14%,8
Salto de Pirapora,-11%,8
Santa Inês,60%,8
São Gabriel,167%,8
São Gonçalo do Rio Abaixo,60%,8
São José do Norte,60%,8
São Luís de Montes Belos,300%,8
São Miguel dos Campos,167%,8
Senador Canedo,-33%,8
Tambaú,-47%,8
Tapejara,0%,8
Teotônio Vilela,33%,8
Três de Maio,0%,8
Tucano,100%,8
Ubaporanga,100%,8
Abaeté,75%,7
Agrestina,250%,7
Água Clara,600%,7
Alegre,-22%,7
Apiaí,17%,7
Barbalha,17%,7
Barra Bonita,600%,7
Bezerros,133%,7
Borda da Mata,250%,7
Cambira,75%,7
Capela do Alto,0%,7
Carmo do Cajuru,600%,7
Casa Nova,0%,7
Casimiro de Abreu,0%,7
Chapada,0%,7
Chapadão do Sul,40%,7
Corbélia,75%,7
Coroatá,600%,7
Crateús,-50%,7
Duartina,17%,7
Engenheiro Beltrão,0%,7
Floriano,250%,7
Gararu,17%,7
Humaitá,600%,7
Igrejinha,75%,7
Itirapina,-22%,7
Jaguarari,-30%,7
Joanópolis,133%,7
Joaquim Távora,40%,7
Luís Correia,0%,7
Marau,75%,7
Marilândia,600%,7
Monte Santo de Minas,17%,7
Nazaré Paulista,75%,7
Nova Olímpia,250%,7
Novo Gama,75%,7
Panelas,133%,7
Pedregulho,17%,7
Pimenta,600%,7
Pitanga,-53%,7
Prata,17%,7
Quatro Barras,17%,7
Rancharia,75%,7
São Bento do Una,17%,7
São Caetano,0%,7
São Fidélis,17%,7
São João do Manhuaçu,-36%,7
São Lourenço da Serra,-22%,7
São Pedro do Turvo,0%,7
Serro,75%,7
Taiobeiras,133%,7
Tanguá,40%,7
Tobias Barreto,17%,7
Três Fronteiras,133%,7
Triunfo,40%,7
Uruaçu,-30%,7
Altônia,500%,6
Alumínio,50%,6
Araçariguama,-40%,6
Aragarças,0%,6
Baianópolis,-65%,6
Balneário Barra do Sul,50%,6
Balneário Rincão,-14%,6
Barra do Choça,20%,6
Barracão,200%,6
Barreirinhas,0%,6
Batayporã,-84%,6
Bela Vista de Minas,50%,6
Bom Jardim,-14%,6
Bom Jesus,-25%,6
Buerarema,500%,6
Campo Alegre,0%,6
Chopinzinho,200%,6
Condor,0%,6
Cosmorama,200%,6
Eldorado do Sul,-25%,6
Estreito,0%,6
Faxinal,20%,6
Flores da Cunha,-33%,6
Glorinha,50%,6
Goianésia,200%,6
Governador Celso Ramos,50%,6
Gravatá,100%,6
Guaiçara,200%,6
Ibaté,-14%,6
Ibirá,50%,6
Icó,-14%,6
Ilha Solteira,-14%,6
Inhapim,500%,6
Ipojuca,0%,6
Irecê,0%,6
Itabaiana,-33%,6
Itaberaba,50%,6
Itaporanga,20%,6
Itaquiraí,20%,6
Itaú de Minas,500%,6
Jacobina,-33%,6
Jaguarão,-14%,6
Jaíba,-25%,6
Januária,-54%,6
João Neiva,100%,6
Lagoa Formosa,200%,6
Mário Campos,50%,6
Matupá,100%,6
Medina,50%,6
Monte Alegre de Minas,200%,6
Morada Nova,-33%,6
Nova Viçosa,50%,6
Ouro Preto do Oeste,50%,6
Paraguaçu,20%,6
Patrocínio,-25%,6
Pedro de Toledo,-50%,6
Pilar,0%,6
Pilar do Sul,50%,6
Pirapora do Bom Jesus,100%,6
Pirapozinho,500%,6
Piripiri,50%,6
Pitangueiras,200%,6
Planura,500%,6
Poço Branco,0%,6
Pojuca,200%,6
Pompéu,20%,6
Ponta Porã,-14%,6
Porto Murtinho,500%,6
Potim,20%,6
Prado,20%,6
Pradópolis,-25%,6
Presidente Epitácio,0%,6
Propriá,0%,6
Ribeirão Claro,-25%,6
Ribeirão do Pinhal,-25%,6
Rio Casca,200%,6
Rio das Pedras,-25%,6
Salto Grande,-25%,6
Santa Helena de Goiás,-14%,6
Santana,-25%,6
São Félix do Coribe,-14%,6
São Miguel do Iguaçu,500%,6
São Simão,0%,6
Seabra,200%,6
Serra do Salitre,0%,6
Simão Dias,20%,6
Tamandaré,200%,6
Tamboril,50%,6
Tapes,100%,6
Taquarituba,-33%,6
Trairi,200%,6
Três Passos,20%,6
União da Vitória,100%,6
Uraí,100%,6
Veranópolis,-14%,6
Abadia dos Dourados,0%,5
Afogados da Ingazeira,150%,5
Além Paraíba,150%,5
Anastácio,0%,5
Antônio Carlos,0%,5
Antônio Gonçalves,25%,5
Arandu,-50%,5
Araripina,25%,5
Areado,400%,5
Assis Chateaubriand,400%,5
Balsas,150%,5
Barreira,67%,5
Barro,25%,5
Baturité,25%,5
Brasília de Minas,25%,5
Brejinho,400%,5
Brejo Alegre,0%,5
Brejo da Madre de Deus,-17%,5
Britânia,0%,5
Brumado,-17%,5
Butiá,25%,5
Caarapó,-17%,5
Cachoeira Paulista,-38%,5
Campina da Lagoa,25%,5
Campo Formoso,400%,5
Campo Magro,-38%,5
Campo Maior,-17%,5
Campos Novos,67%,5
Cana Verde,150%,5
Canguçu,25%,5
Carinhanha,67%,5
Carmo do Rio Claro,400%,5
Carpina,25%,5
Catiguá,150%,5
Caxambu,0%,5
Chuí,25%,5
Coaraci,400%,5
Cocalzinho de Goiás,400%,5
Colíder,150%,5
Colômbia,-29%,5
Colônia Leopoldina,0%,5
Curaçá,400%,5
Eldorado,25%,5
Euclides da Cunha,150%,5
Flores,-55%,5
Goiana,0%,5
Guanhães,0%,5
Guapiaçu,150%,5
Guapiara,-17%,5
Ibiraçu,67%,5
Icatu,25%,5
Iconha,-17%,5
Igaraçu do Tietê,0%,5
Inhumas,400%,5
Ipuã,150%,5
Itaiópolis,400%,5
Itambé,150%,5
Itariri,67%,5
Jacuípe,400%,5
Jaguapitã,400%,5
Jaguaruna,-17%,5
Jardim,0%,5
Jardim do Seridó,400%,5
Laranjeiras do Sul,-17%,5
Lebon Régis,400%,5
Manhumirim,400%,5
Maraú,-44%,5
Massapê,67%,5
Massaranduba,67%,5
Mata de São João,400%,5
Morungaba,-29%,5
Nova Alvorada do Sul,67%,5
Papanduva,-29%,5
Paracuru,400%,5
Paranaíba,-29%,5
Paranatinga,400%,5
Pato Branco,-38%,5
Paulo Afonso,-44%,5
Pedra Branca,400%,5
Petrolândia,0%,5
Pindobaçu,25%,5
Pinhalzinho,150%,5
Presidente Venceslau,-50%,5
Quatá,150%,5
Raposos,150%,5
Rio Branco do Sul,0%,5
Rio Largo,0%,5
Rio Novo,0%,5
Riversul,150%,5
Rondolândia,25%,5
Santa Quitéria,150%,5
Santa Rosa,67%,5
Santana de Parnaíba,-50%,5
Santana do Acaraú,25%,5
Santo Amaro,67%,5
São Jerônimo da Serra,150%,5
São João Nepomuceno,67%,5
São José de Caiana,-17%,5
São Lourenço do Sul,67%,5
São Pedro do Piauí,0%,5
São Roque do Canaã,-17%,5
Sapezal,-64%,5
Sapucaia,0%,5
Sertânia,-29%,5
Sertão,0%,5
Tabatinga,-17%,5
Tabuleiro do Norte,67%,5
Tarumã,400%,5
Tauá,400%,5
Tomazina,150%,5
Três Cachoeiras,-50%,5
Tupaciguara,-17%,5
Urupês,150%,5
Vilhena,67%,5
Acari,300%,4
Adamantina,0%,4
Água Preta,300%,4
Águas de Lindóia,-43%,4
Altinópolis,100%,4
Alto Garças,100%,4
Alto Paraíso,0%,4
Álvares Machado,33%,4
Amontada,300%,4
Andrelândia,100%,4
Anicuns,-33%,4
Araçuaí,0%,4
Aramina,-50%,4
Arapoti,100%,4
Areia Branca,-64%,4
Bacabal,-64%,4
Barra do Quaraí,0%,4
Barreiros,0%,4
Barrinha,33%,4
Bela Vista de Goiás,33%,4
Bernardino de Campos,33%,4
Bocaina,100%,4
Bocaiúva do Sul,0%,4
Brejão,300%,4
Buíque,100%,4
Cachoeira de Minas,0%,4
Camapuã,-33%,4
Campos Altos,-67%,4
Cananéia,100%,4
Canguaretama,300%,4
Cerqueira César,100%,4
Céu Azul,100%,4
Colorado do Oeste,-20%,4
Conceição do Araguaia,100%,4
Conceição do Castelo,-43%,4
Coruripe,33%,4
Cruz,0%,4
Cruz das Almas,0%,4
Cruzeta,100%,4
Currais Novos,0%,4
Diamantino,0%,4
Dois Vizinhos,-20%,4
Faro,0%,4
Fátima,33%,4
Forquilha,33%,4
Fraiburgo,0%,4
Goiatuba,300%,4
Granja,300%,4
Guaçuí,-43%,4
Guapé,33%,4
Herval d'Oeste,33%,4
Holambra,100%,4
Iaras,100%,4
Ibaiti,0%,4
Ibema,0%,4
Ibertioga,0%,4
Ibitiúra de Minas,300%,4
Igarapé-Açu,100%,4
Ilha Comprida,33%,4
Ipaba,300%,4
Ipameri,300%,4
Iporã,0%,4
Itacaré,33%,4
Itaitinga,-20%,4
Itambacuri,100%,4
Itapecerica,300%,4
Itapemirim,-43%,4
Itaperuçu,100%,4
Itaporanga d'Ajuda,300%,4
Jacinto,300%,4
Jaru,100%,4
Jataizinho,0%,4
Jeceaba,100%,4
Juara,-64%,4
Lagoa Vermelha,0%,4
Lajedo,33%,4
Laranjal Paulista,100%,4
Laranjeiras,100%,4
Lauro Muller,33%,4
Limoeiro de Anadia,300%,4
Machado,-56%,4
Mamborê,-64%,4
Maragogipe,-60%,4
Martinópolis,0%,4
Martins Soares,300%,4
Matipó,33%,4
Maurilândia,0%,4
Mauriti,300%,4
Medicilândia,300%,4
Mendes,0%,4
Miguelópolis,33%,4
Miracema do Tocantins,100%,4
Miranorte,0%,4
Mombaça,100%,4
Monte Azul Paulista,-20%,4
Mundo Novo,-20%,4
Muqui,0%,4
Nazaré,33%,4
Nepomuceno,300%,4
Niquelândia,33%,4
Nova Esperança,-64%,4
Nova Londrina,0%,4
Nova Prata,0%,4
Novo Oriente,100%,4
Ouro Fino,-33%,4
Ouro Preto,-33%,4
Ouroeste,100%,4
Padre Bernardo,100%,4
Palmital,-20%,4
Pantano Grande,33%,4
Paragominas,0%,4
Paraíso do Tocantins,0%,4
Paranacity,-33%,4
Peabiru,0%,4
Pedro Velho,0%,4
Penedo,100%,4
Pesqueira,0%,4
Poções,100%,4
Porteirão,-50%,4
Porto de Moz,0%,4
Porto Nacional,33%,4
Porto União,300%,4
Poxoréu,100%,4
Pratápolis,300%,4
Presidente Kennedy,0%,4
Promissão,100%,4
Querência,0%,4
Quixeramobim,0%,4
Raposa,100%,4
Restinga,33%,4
Riachão do Jacuípe,100%,4
Ribeirão,0%,4
Rorainópolis,300%,4
Rosana,0%,4
Santa Leopoldina,0%,4
Santa Maria da Boa Vista,100%,4
Santa Rita de Caldas,33%,4
Santana do Garambéu,-80%,4
Santo Anastácio,-20%,4
Santo Antônio de Pádua,100%,4
São Gabriel da Palha,100%,4
São José da Vitória,0%,4
São José do Rio Claro,300%,4
São Sebastião da Bela Vista,0%,4
Seara,300%,4
Severínia,0%,4
Sonora,33%,4
Tamarana,300%,4
Terezópolis de Goiás,0%,4
Terra de Areia,100%,4
Terra Roxa,-20%,4
Teutônia,0%,4
Tibau do Sul,100%,4
Timbó,300%,4
Uchoa,300%,4
Ulianópolis,300%,4
Valença do Piauí,0%,4
Valparaíso,100%,4
Várzea da Palma,0%,4
Abadia de Goiás,200%,3
Abre Campo,0%,3
Açu,0%,3
Águas Belas,200%,3
Águas de Chapecó,0%,3
Águas Formosas,50%,3
Alcântaras,50%,3
Alfredo Chaves,200%,3
Alfredo Vasconcelos,0%,3
Alpercata,-40%,3
Alta Floresta D'Oeste,50%,3
Alvarenga,0%,3
Alvinlândia,0%,3
Angélica,0%,3
Antônio Prado,200%,3
Aparecida d'Oeste,0%,3
Araci,200%,3
Araruna,0%,3
Arealva,0%,3
Arroio do Tigre,50%,3
Arroio dos Ratos,200%,3
Astolfo Dutra,200%,3
Avanhandava,-40%,3
Bambuí,-40%,3
Barrolândia,0%,3
Bela Cruz,200%,3
Beneditinos,0%,3
Boa Viagem,200%,3
Boca do Acre,0%,3
Bom Jardim de Minas,0%,3
Bom Jesus do Galho,0%,3
Bonfim,0%,3
Botelhos,-25%,3
Brejo do Cruz,200%,3
Brejo Santo,50%,3
Buritis,-50%,3
Buritizeiro,-25%,3
Cabo Verde,-57%,3
Cabrália Paulista,0%,3
Cachoeira,-40%,3
Caconde,-25%,3
Caeté,0%,3
Cafelândia,50%,3
Caldas,0%,3
Camamu,200%,3
Candeias do Jamari,0%,3
Cândido de Abreu,50%,3
Cândido Sales,0%,3
Canelinha,-50%,3
Cantá,0%,3
Capelinha,200%,3
Capitólio,200%,3
Cariré,0%,3
Carmo de Minas,200%,3
Ceres,0%,3
Cesário Lange,0%,3
Chã Preta,0%,3
Chapadinha,50%,3
Chavantes,50%,3
Cipó,0%,3
Claraval,0%,3
Coari,-25%,3
Conceição do Mato Dentro,50%,3
Concórdia do Pará,0%,3
Coromandel,200%,3
Crissiumal,-25%,3
Cruzeiro do Oeste,-57%,3
Cururupu,200%,3
Custódia,0%,3
Demerval Lobão,-40%,3
Dias d'Ávila,-40%,3
Dom Pedrito,200%,3
Echaporã,200%,3
Entre Rios,0%,3
Entre Rios de Minas,50%,3
Esperantina,-63%,3
Estiva,200%,3
Farias Brito,0%,3
Feira Grande,200%,3
Feliz Natal,200%,3
Filadélfia,200%,3
Gália,-63%,3
Getulina,50%,3
Giruá,0%,3
Goianá,200%,3
Guamaré,-25%,3
Guapirama,-25%,3
Guaraniaçu,200%,3
Guarantã do Norte,-50%,3
Guaratinga,200%,3
Guiratinga,0%,3
Iaçu,0%,3
Ibatiba,200%,3
Ibirataia,0%,3
Icém,-40%,3
Igaci,200%,3
Igarapava,0%,3
Igarapé-Miri,0%,3
Igaratinga,200%,3
Imbaú,-40%,3
Independência,200%,3
Indiara,200%,3
Inocência,200%,3
Iperó,-40%,3
Ipeúna,50%,3
Ipiaú,-40%,3
Ipixuna do Pará,0%,3
Ipueiras,0%,3
Iranduba,50%,3
Irauçuba,200%,3
Itabaianinha,0%,3
Itainópolis,-25%,3
Itajuípe,50%,3
Itapejara d'Oeste,0%,3
Itapiranga,200%,3
Itapuí,50%,3
Iúna,50%,3
Jacaraú,200%,3
Jaguaribe,-40%,3
Junqueirópolis,-50%,3
Lagoa da Canoa,0%,3
Macau,0%,3
Macaubal,0%,3
Mãe do Rio,200%,3
Malhada,0%,3
Manduri,200%,3
Manga,200%,3
Manoel Ribas,-57%,3
Marabá,0%,3
Maracanã,0%,3
Marilândia do Sul,50%,3
Maruim,0%,3
Maués,200%,3
Mimoso do Sul,200%,3
Mojuí dos Campos,0%,3
Montanha,-25%,3
Monte Alegre do Sul,200%,3
Monte Carlo,200%,3
Moreira Sales,-25%,3
Morro do Chapéu,50%,3
Mucambo,0%,3
Muritiba,0%,3
Nazaré da Mata,0%,3
Nerópolis,0%,3
Nísia Floresta,50%,3
Nonoai,0%,3
Nova Campina,50%,3
Nova Olinda,200%,3
Nova Santa Rita,50%,3
Nova Trento,0%,3
Nova Ubiratã,0%,3
Nova Venécia,-50%,3
Orocó,-50%,3
Ouro,0%,3
Ouro Verde,-40%,3
Palmácia,50%,3
Palmeiras de Goiás,50%,3
Palmópolis,0%,3
Pancas,-40%,3
Paraipaba,50%,3
Paraíso das Águas,0%,3
Paranapanema,-25%,3
Paripueira,0%,3
Patrocínio Paulista,200%,3
Paulistana,200%,3
Paulo Lopes,50%,3
Pedralva,200%,3
Pedreiras,200%,3
Pentecoste,50%,3
Perdões,50%,3
Pérola,50%,3
Pescador,-25%,3
Pindaré-Mirim,0%,3
Pindoretama,0%,3
Piranga,0%,3
Pirangi,50%,3
Piranguçu,50%,3
Pirpirituba,-50%,3
Planalto,0%,3
Poté,200%,3
Presidente Figueiredo,0%,3
Presidente Tancredo Neves,0%,3
Primeiro de Maio,-25%,3
Quatipuru,0%,3
Raul Soares,-70%,3
Realeza,50%,3
Regente Feijó,-63%,3
Resplendor,-40%,3
Riacho de Santana,-25%,3
Rialma,0%,3
Ribeira do Pombal,200%,3
Rio Pomba,200%,3
Rio Tinto,0%,3
Ritápolis,50%,3
Rurópolis,200%,3
Ruy Barbosa,50%,3
Sales Oliveira,0%,3
Salesópolis,-50%,3
Santa Branca,0%,3
Santa Cruz,0%,3
Santa Cruz Cabrália,0%,3
Santa Cruz da Conceição,-25%,3
Santa Cruz de Minas,50%,3
Santa Izabel do Oeste,-50%,3
Santa Maria de Itabira,200%,3
Santa Terezinha,-25%,3
Santa Vitória do Palmar,0%,3
Santana do Paraíso,-50%,3
Santo Antônio do Pinhal,200%,3
Santo Estêvão,0%,3
São Domingos do Maranhão,0%,3
São Francisco de Itabapoana,-57%,3
São Francisco do Conde,200%,3
São Gonçalo do Sapucaí,200%,3
São Jerônimo,0%,3
São João do Piauí,-25%,3
São João do Triunfo,50%,3
São José do Brejo do Cruz,0%,3
São José dos Ramos,200%,3
São Luís do Curu,0%,3
São Marcos,0%,3
São Mateus do Maranhão,-25%,3
São Miguel do Araguaia,50%,3
São Sepé,-25%,3
São Valério do Sul,0%,3
São Vicente de Minas,200%,3
Sarapuí,0%,3
Serrania,50%,3
Sobradinho,-57%,3
Tacaimbó,0%,3
Taguatinga,0%,3
Taió,0%,3
Terra Boa,0%,3
Terra Rica,0%,3
Tibagi,0%,3
Tijucas do Sul,-25%,3
Tocantins,0%,3
Torrinha,200%,3
Tucumã,0%,3
Tupi Paulista,0%,3
Turiúba,0%,3
Ubarana,-40%,3
Umbaúba,0%,3
Urubici,200%,3
Verdelândia,0%,3
Vereda,0%,3
Witmarsum,200%,3
Xaxim,0%,3
Acarape,0%,2
Adolfo,0%,2
Afonso Cláudio,100%,2
Água Branca,-60%,2
Aguaí,-67%,2
Águas da Prata,-33%,2
Agudos do Sul,-33%,2
Alagoa Grande,0%,2
Alcobaça,0%,2
Alexandria,0%,2
Alexânia,-71%,2
Altair,-33%,2
Alto do Rodrigues,0%,2
Alto Rio Doce,0%,2
Alto Rio Novo,100%,2
Alto Santo,0%,2
Altos,0%,2
Amambai,0%,2
Amarante do Maranhão,0%,2
Amargosa,-50%,2
Ampére,100%,2
Anapu,0%,2
Angical do Piauí,0%,2
Ângulo,100%,2
Apiúna,0%,2
Aquidauana,0%,2
Araçagi,0%,2
Aracitaba,-33%,2
Aracoiaba,0%,2
Araçoiaba,0%,2
Aragoiânia,0%,2
Araporã,-33%,2
Arara,100%,2
Ararendá,100%,2
Arari,0%,2
Araripe,100%,2
Areiópolis,100%,2
Arroio do Meio,-33%,2
Arroio Grande,0%,2
Arvoredo,100%,2
Ascurra,0%,2
Assis Brasil,0%,2
Atalaia,-33%,2
Augustinópolis,0%,2
Bacabeira,0%,2
Bálsamo,-60%,2
Bananal,-50%,2
Bandeira do Sul,0%,2
Barcelos,100%,2
Barra de Santo Antônio,0%,2
Barra de São Miguel,0%,2
Barra do Corda,100%,2
Barro Alto,0%,2
Barroquinha,100%,2
Bilac,0%,2
Biritiba-Mirim,0%,2
Boa Vista do Buricá,100%,2
Boca da Mata,0%,2
Bodocó,100%,2
Bofete,100%,2
Bom Conselho,0%,2
Bom Jesus de Goiás,100%,2
Bom Jesus do Amparo,0%,2
Boninal,0%,2
Borrazópolis,0%,2
Braga,0%,2
Brasilândia,-60%,2
Brazópolis,-50%,2
Buenópolis,0%,2
Cabrobó,0%,2
Caculé,0%,2
Caetanópolis,0%,2
Caetés,100%,2
Califórnia,-33%,2
Camacan,0%,2
Camocim de São Félix,0%,2
Campestre,100%,2
Campinorte,100%,2
Campo Alegre de Goiás,100%,2
Campo do Meio,100%,2
Campo Novo,0%,2
Canela,100%,2
Canindé de São Francisco,100%,2
Canitar,0%,2
Canto do Buriti,0%,2
Capão do Leão,100%,2
Capela de Santana,-33%,2
Capim Grosso,-50%,2
Capitão Poço,0%,2
Careiro,0%,2
Carlópolis,0%,2
Carnaúba dos Dantas,0%,2
Cássia,-80%,2
Castanheira,100%,2
Castilho,100%,2
Catanduvas,-33%,2
Catende,-50%,2
Catolé do Rocha,100%,2
Catuípe,0%,2
Centralina,100%,2
Chã Grande,-50%,2
Chapada Gaúcha,0%,2
Chorozinho,-60%,2
Cocalinho,0%,2
Coité do Nóia,0%,2
Conceição do Pará,0%,2
Conceição dos Ouros,-33%,2
Condeúba,0%,2
Cônego Marinho,100%,2
Congonhal,-33%,2
Congonhinhas,-60%,2
Contenda,100%,2
Cordilheira Alta,0%,2
Cordisburgo,-50%,2
Coreaú,-33%,2
Coroados,0%,2
Coronel Sapucaia,100%,2
Coronel Vivida,0%,2
Correia Pinto,0%,2
Correntes,-88%,2
Corumbataí,100%,2
Cristina,100%,2
Cristino Castro,0%,2
Cupira,100%,2
Curiúva,0%,2
Dianópolis,0%,2
Dionísio Cerqueira,100%,2
Divina Pastora,0%,2
Divisa Alegre,100%,2
Dobrada,0%,2
Dois Irmãos do Buriti,0%,2
Dom Cavati,100%,2
Doutor Camargo,-50%,2
Encruzilhada,-50%,2
Engenheiro Coelho,0%,2
Ererê,0%,2
Espera Feliz,-33%,2
Espigão D'Oeste,100%,2
Estiva Gerbi,-33%,2
Fazenda Vilanova,100%,2
Felixlândia,-60%,2
Feliz,0%,2
Ferreiros,100%,2
Ferros,100%,2
Fervedouro,0%,2
Floresta,-50%,2
Florestópolis,0%,2
Formosa do Oeste,-60%,2
Formosa do Rio Preto,100%,2
Fortaleza dos Nogueiras,0%,2
Fortaleza dos Valos,0%,2
Frederico Westphalen,-50%,2
General Salgado,-50%,2
General Sampaio,100%,2
Glória,0%,2
Goianápolis,0%,2
Groaíras,0%,2
Guaiúba,-50%,2
Guaramiranga,0%,2
Guaraqueçaba,-60%,2
Guarda-Mor,0%,2
Guidoval,100%,2
Heitoraí,0%,2
Heliópolis,0%,2
Hidrolândia,0%,2
Iaciara,100%,2
Iacri,0%,2
Ibiaçá,0%,2
Ibiapina,100%,2
Ibirama,-60%,2
Ibirapuã,100%,2
Icapuí,100%,2
Igaporã,0%,2
Iguatama,-33%,2
Ipanema,100%,2
Ipaussu,-80%,2
Ipirá,0%,2
Ipiranga do Norte,0%,2
Ipiranga do Sul,0%,2
Ipu,100%,2
Ipuiúna,100%,2
Iracema,100%,2
Irani,-33%,2
Irapuru,0%,2
Irineópolis,0%,2
Itaara,0%,2
Itaguaçu,0%,2
Itapajé,100%,2
Itaparica,0%,2
Itapecuru Mirim,100%,2
Itapetim,0%,2
Itapissuma,100%,2
Itarana,0%,2
Itarema,0%,2
Itauçu,0%,2
Itiúba,0%,2
Ivaí,0%,2
Ivinhema,-71%,2
Ivoti,-33%,2
Jaborá,0%,2
Jacareacanga,0%,2
Jacuí,0%,2
Jacundá,100%,2
Jaguaquara,-50%,2
Jaguaraçu,0%,2
Japorã,100%,2
Japurá,100%,2
Jardim Alegre,100%,2
João Câmara,0%,2
Jundiá,0%,2
Junqueiro,100%,2
Lagoa dos Patos,100%,2
Lagoa Grande,0%,2
Lagoinha,100%,2
Lassance,100%,2
Lavras da Mangabeira,100%,2
Lavrinhas,100%,2
Lençóis,-33%,2
Lindoeste,0%,2
Lindolfo Collor,100%,2
Luís Antônio,-60%,2
Lunardelli,100%,2
Maçambará,0%,2
Madre de Deus,100%,2
Mandaguaçu,0%,2
Maragogi,100%,2
Maravilhas,0%,2
Mariluz,0%,2
Marizópolis,0%,2
Mascote,100%,2
Mata,0%,2
Mathias Lobato,0%,2
Matias Cardoso,100%,2
Matriz de Camaragibe,0%,2
Meruoca,100%,2
Miguel Calmon,100%,2
Miguel Pereira,100%,2
Minaçu,0%,2
Minas Novas,100%,2
Mira Estrela,0%,2
Mirador,0%,2
Miranda,-50%,2
Mirante do Paranapanema,0%,2
Monsenhor Tabosa,100%,2
Monte Azul,0%,2
Montes Claros de Goiás,100%,2
Morada Nova de Minas,0%,2
Moraújo,100%,2
Moreno,0%,2
Morros,0%,2
Mozarlândia,100%,2
Muaná,-33%,2
Mutuípe,0%,2
Não-Me-Toque,-33%,2
Ninheira,100%,2
Nipoã,0%,2
Nossa Senhora da Glória,-60%,2
Nossa Senhora das Dores,0%,2
Nova América da Colina,100%,2
Nova Aurora,100%,2
Nova Bandeirantes,0%,2
Nova Canaã,100%,2
Nova Cantu,0%,2
Nova Petrópolis,0%,2
Nova Ponte,0%,2
Nova Porteirinha,0%,2
Nova União,0%,2
Nova Veneza,100%,2
Novo Oriente de Minas,100%,2
Oeiras,-33%,2
Oiapoque,-67%,2
Olinda Nova do Maranhão,0%,2
Ouro Verde de Minas,100%,2
Ouro Verde do Oeste,100%,2
Padre Paraíso,100%,2
Palmares do Sul,-50%,2
Palmeira d'Oeste,-78%,2
Paraibuna,100%,2
Paraíso do Norte,0%,2
Parapuã,100%,2
Pardinho,100%,2
Parintins,100%,2
Passa Tempo,100%,2
Passo de Torres,0%,2
Pau dos Ferros,0%,2
Paula Cândido,0%,2
Pavão,0%,2
Pedra Azul,0%,2
Pedro Avelino,0%,2
Pendências,100%,2
Piacatu,0%,2
Piedade de Caratinga,100%,2
Pindorama,0%,2
Pinheiral,100%,2
Pinheiro,100%,2
Piquete,100%,2
Piraí do Norte,100%,2
Piraju,-60%,2
Piranhas,100%,2
Piritiba,100%,2
Planaltino,0%,2
Porangatu,100%,2
Porteirinha,-50%,2
Porto Acre,100%,2
Porto Amazonas,0%,2
Porto da Folha,0%,2
Porto Franco,100%,2
Porto Real,-33%,2
Pouso Redondo,100%,2
Pratânia,0%,2
Pratinha,0%,2
Presidente Castelo Branco,0%,2
Quatiguá,100%,2
Queimadas,-33%,2
Querência do Norte,0%,2
Quipapá,0%,2
Quiterianópolis,100%,2
Rancho Alegre,0%,2
Remígio,-60%,2
Reriutaba,0%,2
Resende Costa,0%,2
Ribeirão do Sul,-50%,2
Rio Acima,-67%,2
Rio Azul,0%,2
Rio Brilhante,0%,2
Rio do Campo,100%,2
Rio Novo do Sul,100%,2
Rio Paranaíba,100%,2
Rio Preto da Eva,0%,2
Riolândia,-33%,2
Rondon,0%,2
Rosário Oeste,0%,2
Sabáudia,100%,2
Sales,0%,2
Santa Bárbara,0%,2
Santa Cecília,100%,2
Santa Clara d'Oeste,100%,2
Santa Ernestina,0%,2
Santa Fé,100%,2
Santa Lúcia,0%,2
Santa Luzia do Paruá,100%,2
Santa Maria do Pará,0%,2
Santa Maria do Suaçuí,0%,2
Santa Rita do Araguaia,0%,2
Santa Rita d'Oeste,0%,2
Santa Rosa do Sul,-33%,2
Santa Teresinha,0%,2
Santa Tereza do Oeste,0%,2
Santana da Vargem,100%,2
Santo Antônio da Barra,100%,2
Santo Antônio de Goiás,0%,2
Santo Antônio do Monte,0%,2
Santo Antônio do Tauá,-33%,2
Santo Augusto,100%,2
Santos Dumont,-33%,2
São Brás do Suaçuí,0%,2
São Domingos do Capim,0%,2
São Francisco,-33%,2
São Francisco de Assis do Piauí,0%,2
São Francisco de Goiás,0%,2
São Gonçalo dos Campos,100%,2
São João da Mata,0%,2
São João d'Aliança,100%,2
São João dos Patos,100%,2
São José da Coroa Grande,0%,2
São José da Tapera,0%,2
São José da Varginha,100%,2
São José de Espinharas,100%,2
São José do Calçado,0%,2
São José do Cerrito,100%,2
São Luiz do Paraitinga,0%,2
São Miguel do Passa Quatro,0%,2
São Miguel do Tocantins,0%,2
São Pedro do Ivaí,0%,2
Sapé,-50%,2
Satuba,0%,2
Sentinela do Sul,0%,2
Serra Azul,100%,2
Serra Caiada,0%,2
Serra do Ramalho,100%,2
Serra dos Aimorés,0%,2
Serra Dourada,0%,2
Silva Jardim,0%,2
Silveiras,100%,2
Solânea,0%,2
Sooretama,0%,2
Sousa,-33%,2
Tabira,0%,2
Tacaratu,100%,2
Tamboara,0%,2
Tangará,100%,2
Tanhaçu,100%,2
Tapiraí,0%,2
Taquari,0%,2
Teixeiras,100%,2
Teodoro Sampaio,-50%,2
Terenos,100%,2
Terra Alta,100%,2
Trairão,100%,2
Tremedal,100%,2
Três Barras,0%,2
Três Barras do Paraná,0%,2
Tumiritinga,100%,2
Tuneiras do Oeste,-50%,2
Turuçu,100%,2
Turvo,0%,2
Tutóia,100%,2
Ubatã,100%,2
Uiraúna,0%,2
Una,100%,2
Urânia,-33%,2
Uruçuca,100%,2
Vale do Sol,100%,2
Valente,0%,2
Várzea,100%,2
Várzea Alegre,0%,2
Varzelândia,0%,2
Viadutos,0%,2
Vicente Dutra,0%,2
Vieirópolis,0%,2
Vitor Meireles,0%,2
Xexéu,0%,2
Abaré,0%,1
Abel Figueiredo,0%,1
Abelardo Luz,0%,1
Acajutiba,0%,1
Acaraú,-67%,1
Acrelândia,0%,1
Adrianópolis,0%,1
Água Fria,0%,1
Água Fria de Goiás,0%,1
Águas Vermelhas,0%,1
Agudo,0%,1
Águia Branca,0%,1
Alagoa Nova,0%,1
Alambari,0%,1
Alcântara,0%,1
Aliança do Tocantins,-80%,1
Alto Araguaia,0%,1
Alto Boa Vista,0%,1
Alto Paraná,0%,1
Álvaro de Carvalho,-50%,1
Alvinópolis,0%,1
Alvorada do Sul,-67%,1
América Dourada,0%,1
Ametista do Sul,0%,1
Amparo de São Francisco,-50%,1
Anagé,0%,1
Angical,0%,1
Anhumas,0%,1
Anísio de Abreu,0%,1
Anita Garibaldi,0%,1
Anta Gorda,0%,1
Antonina,-80%,1
Apiacás,-67%,1
Apodi,0%,1
Apuarema,0%,1
Apuí,0%,1
Aquidabã,0%,1
Araçaí,0%,1
Araguaiana,0%,1
Araioses,0%,1
Arambaré,0%,1
Arapeí,0%,1
Arapuá,0%,1
Araújos,0%,1
Areia,0%,1
Areias,-50%,1
Arinos,0%,1
Arraias,0%,1
Assaí,0%,1
Ataléia,0%,1
Atilio Vivacqua,0%,1
Aurelino Leal,0%,1
Aveiro,-50%,1
Axixá,0%,1
Baía da Traição,0%,1
Bananeiras,0%,1
Bandeira,-50%,1
Barão de Cotegipe,0%,1
Barra,-67%,1
Barra do Bugres,0%,1
Barra do Mendes,0%,1
Barra do Ribeiro,0%,1
Barra do Turvo,0%,1
Barra Longa,0%,1
Bela Vista,0%,1
Bela Vista do Maranhão,0%,1
Belém do São Francisco,-50%,1
Belmonte,0%,1
Belo Campo,0%,1
Belo Oriente,0%,1
Benjamin Constant,0%,1
Bento de Abreu,0%,1
Boa Esperança do Sul,0%,1
Boa Nova,0%,1
Boa Vista da Aparecida,0%,1
Boa Vista das Missões,0%,1
Boa Vista do Ramos,-67%,1
Boa Vista do Tupim,0%,1
Bom Jardim de Goiás,0%,1
Bom Jesus da Lapa,-50%,1
Bom Jesus da Penha,0%,1
Bom Lugar,0%,1
Bom Princípio,-50%,1
Bonfinópolis de Minas,0%,1
Bonito de Minas,0%,1
Boqueirão,-50%,1
Boquim,0%,1
Borba,0%,1
Botuverá,0%,1
Branquinha,0%,1
Brás Pires,0%,1
Brasil Novo,0%,1
Brasileira,0%,1
Brasnorte,0%,1
Brejetuba,0%,1
Brejo,0%,1
Bugre,0%,1
Buriti,0%,1
Buriti Alegre,0%,1
Buriticupu,0%,1
Buritirama,0%,1
Buritizal,0%,1
Caaporã,0%,1
Cacequi,0%,1
Cachoeira de Pajeú,0%,1
Cachoeira do Arari,0%,1
Cachoeira Grande,0%,1
Cacimba de Dentro,0%,1
Caiuá,0%,1
Cajapió,0%,1
Cajobi,0%,1
Cajueiro da Praia,0%,1
Calmon,0%,1
Camalaú,0%,1
Camargo,0%,1
Cambará do Sul,0%,1
Campestre da Serra,0%,1
Campestre do Maranhão,0%,1
Campina do Monte Alegre,0%,1
Campina Verde,0%,1
Campinas do Piauí,0%,1
Campo do Brito,0%,1
Campo Erê,0%,1
Campos Belos,0%,1
Campos Borges,0%,1
Campos Gerais,-75%,1
Campos Sales,0%,1
Canapi,-75%,1
Candelária,-67%,1
Candiba,0%,1
Canhoba,0%,1
Canhotinho,0%,1
Cantagalo,0%,1
Cantanhede,0%,1
Canudos,0%,1
Capão Alto,0%,1
Capim Branco,0%,1
Capinópolis,0%,1
Capitão Leônidas Marques,0%,1
Capivari do Sul,-50%,1
Capoeiras,-91%,1
Caraí,-50%,1
Carauari,0%,1
Caraúbas,0%,1
Caraúbas do Piauí,0%,1
Caravelas,-50%,1
Cardoso,0%,1
Caririaçu,0%,1
Cariús,0%,1
Carlos Barbosa,0%,1
Carmésia,0%,1
Carmópolis,0%,1
Carnaíba,0%,1
Caroebe,0%,1
Casca,-50%,1
Casserengue,0%,1
Cássia dos Coqueiros,0%,1
Castelo do Piauí,0%,1
Catingueira,0%,1
Catu,0%,1
Cavalcante,0%,1
Cedral,-50%,1
Cedro,0%,1
Centenário do Sul,0%,1
Central do Maranhão,0%,1
Cerro Azul,0%,1
Cerro Corá,0%,1
Cerro Largo,0%,1
Chã de Alegria,0%,1
Chácara,0%,1
Chaves,0%,1
Choró,0%,1
Chorrochó,0%,1
Claro dos Poções,0%,1
Cláudia,0%,1
Clementina,0%,1
Cocos,-50%,1
Colares,0%,1
Colméia,0%,1
Colniza,0%,1
Colônia do Gurguéia,0%,1
Colônia do Piauí,0%,1
Coluna,-50%,1
Combinado,0%,1
Conceição da Barra,0%,1
Conceição da Feira,0%,1
Conceição das Pedras,0%,1
Conceição de Macabu,-50%,1
Conceição do Almeida,-50%,1
Conceição do Jacuípe,0%,1
Conceição do Tocantins,0%,1
Condado,0%,1
Confins,0%,1
Consolação,0%,1
Coração de Maria,0%,1
Coremas,0%,1
Corinto,0%,1
Coronel Pacheco,0%,1
Córrego Danta,0%,1
Correntina,-50%,1
Corumbataí do Sul,0%,1
Costa Marques,0%,1
Cotriguaçu,0%,1
Crisópolis,0%,1
Cristais,0%,1
Cristianópolis,0%,1
Cristinápolis,0%,1
Crixás,0%,1
Crixás do Tocantins,0%,1
Crucilândia,0%,1
Cruz do Espírito Santo,0%,1
Cruz Machado,0%,1
Cruzília,-67%,1
Cumari,0%,1
Cumaru,0%,1
Curionópolis,-50%,1
Curral de Cima,-91%,1
Damolândia,0%,1
Darcinópolis,0%,1
Davinópolis,0%,1
Deodápolis,0%,1
Derrubadas,0%,1
Diamante,0%,1
Diamante do Sul,0%,1
Diorama,0%,1
Divinolândia de Minas,0%,1
Dois Irmãos das Missões,0%,1
Dom Expedito Lopes,0%,1
Dom Feliciano,0%,1
Dom Macedo Costa,0%,1
Dom Pedro de Alcântara,0%,1
Dona Inês,0%,1
Dores de Campos,0%,1
Dores do Indaiá,0%,1
Dores do Turvo,-50%,1
Doresópolis,0%,1
Dormentes,0%,1
Douradina,0%,1
Dourado,0%,1
Douradoquara,0%,1
Ecoporanga,-67%,1
Edéia,0%,1
Eldorado do Carajás,-50%,1
Elesbão Veloso,0%,1
Encantado,0%,1
Encruzilhada do Sul,-50%,1
Engenheiro Navarro,0%,1
Engenheiro Paulo de Frontin,0%,1
Entre Folhas,0%,1
Entre Rios do Sul,0%,1
Envira,0%,1
Equador,0%,1
Ernestina,0%,1
Erval Grande,0%,1
Erval Velho,0%,1
Ervália,0%,1
Esperança,0%,1
Esperança do Sul,0%,1
Espigão Alto do Iguaçu,0%,1
Espinosa,0%,1
Esplanada,-83%,1
Estância Velha,0%,1
Estrela,0%,1
Estrela do Sul,0%,1
Estrela d'Oeste,0%,1
Euclides da Cunha Paulista,0%,1
Faina,0%,1
Fátima do Sul,0%,1
Faxinalzinho,0%,1
Feira Nova,0%,1
Felício dos Santos,0%,1
Felipe Guerra,-50%,1
Fernandes Tourinho,0%,1
Fernando Falcão,0%,1
Floreal,0%,1
Flores de Goiás,0%,1
Floresta do Araguaia,0%,1
Florestal,0%,1
Flórida Paulista,0%,1
Formigueiro,0%,1
Formoso do Araguaia,0%,1
Fortim,-50%,1
Foz do Jordão,0%,1
Francisco Alves,0%,1
Francisco Badaró,0%,1
Francisco Dumont,0%,1
Francisco Sá,0%,1
Frei Gaspar,-50%,1
Frei Inocêncio,-75%,1
Fronteira dos Vales,0%,1
Fruta de Leite,0%,1
Gameleira,0%,1
Gameleiras,-80%,1
Garuva,-86%,1
Gastão Vidigal,-67%,1
General Câmara,0%,1
General Carneiro,-75%,1
General Maynard,0%,1
Girau do Ponciano,-86%,1
Glória de Dourados,0%,1
Glória do Goitá,0%,1
Goiabeira,0%,1
Goianinha,0%,1
Gongogi,0%,1
Governador Edison Lobão,0%,1
Governador Lindenberg,-50%,1
Governador Newton Bello,0%,1
Governador Nunes Freire,0%,1
Gramado Xavier,0%,1
Grandes Rios,0%,1
Grão Mogol,0%,1
Gravatal,0%,1
Grossos,0%,1
Guabiruba,0%,1
Guadalupe,0%,1
Guairaçá,0%,1
Guamiranga,0%,1
Guapó,-50%,1
Guaporé,-50%,1
Guaraçaí,0%,1
Guaraciaba,0%,1
Guarani d'Oeste,-50%,1
Guarará,-75%,1
Guareí,0%,1
Guatambú,0%,1
Guatapará,-67%,1
Guia Lopes da Laguna,0%,1
Guimarânia,0%,1
Guzolândia,0%,1
Herculândia,-50%,1
Iapu,-50%,1
Iati,0%,1
Ibateguara,0%,1
Ibicoara,0%,1
Ibicuí,0%,1
Ibimirim,0%,1
Ibipitanga,0%,1
Ibiraiaras,-50%,1
Ibirapitanga,0%,1
Ibirubá,0%,1
Ibitirama,0%,1
Ibititá,0%,1
Ichu,0%,1
Iepê,0%,1
Igaracy,0%,1
Igrapiúna,0%,1
Iguaí,0%,1
Iguaraçu,-75%,1
Iguaracy,0%,1
Ijaci,0%,1
Ilha de Itamaracá,0%,1
Ilicínea,-75%,1
Imaruí,0%,1
Imbé de Minas,0%,1
Imbituva,0%,1
Inaciolândia,0%,1
Indianópolis,0%,1
Inhambupe,0%,1
Inimutaba,0%,1
Ipaumirim,0%,1
Ipecaetá,0%,1
Ipiranga do Piauí,0%,1
Ipixuna,0%,1
Iporanga,-50%,1
Ipubi,-50%,1
Ipumirim,0%,1
Iramaia,0%,1
Iraquara,0%,1
Irará,0%,1
Irituia,0%,1
Irupi,0%,1
Itaberá,0%,1
Itabirinha,-50%,1
Itacarambi,0%,1
Itagibá,0%,1
Itaguaru,-50%,1
Itaiçaba,-50%,1
Italva,0%,1
Itamarandiba,-67%,1
Itambaracá,0%,1
Itambé do Mato Dentro,0%,1
Itanhomi,0%,1
Itaóca,0%,1
Itapaci,0%,1
Itapé,0%,1
Itapirapuã,0%,1
Itapiúna,0%,1
Itaporã,0%,1
Itatira,0%,1
Itatuba,0%,1
Itaueira,-50%,1
Itinga,-67%,1
Itiquira,-50%,1
Itiruçu,0%,1
Itobi,0%,1
Ituaçu,0%,1
Ituberá,-75%,1
Itupiranga,0%,1
Itutinga,0%,1
Ivaté,-50%,1
Ivatuba,-50%,1
Jacaré dos Homens,0%,1
Jaguari,0%,1
Jaguaribara,0%,1
Januário Cicco (Boa Saúde),0%,1
Japaratinga,-50%,1
Jaqueira,0%,1
Jaraguari,0%,1
Jatobá,0%,1
Jequeri,-50%,1
Jequitibá,0%,1
Jiquiriçá,0%,1
Joanésia,-67%,1
João Ramalho,0%,1
Joaquim Gomes,0%,1
José de Freitas,0%,1
Joviânia,0%,1
Jucás,0%,1
Jucuruçu,0%,1
Júlio Borges,0%,1
Júlio de Castilhos,0%,1
Jundiaí do Sul,0%,1
Juruena,0%,1
Juscimeira,0%,1
Juti,0%,1
Ladainha,0%,1
Ladário,0%,1
Lago da Pedra,0%,1
Lago Verde,0%,1
Lagoa Bonita do Sul,0%,1
Lagoa da Confusão,0%,1
Lagoa de Dentro,0%,1
Lagoa do Carro,0%,1
Lagoa do Mato,0%,1
Lagoa do Ouro,0%,1
Lagoa Dourada,0%,1
Lagoa Nova,-50%,1
Lagoa Seca,0%,1
Lagoinha do Piauí,0%,1
Lajinha,0%,1
Laranja da Terra,-50%,1
Laranjal do Jari,0%,1
Leandro Ferreira,0%,1
Leópolis,0%,1
Licínio de Almeida,0%,1
Lima Duarte,0%,1
Lobato,0%,1
Lontra,0%,1
Lucélia,0%,1
Luislândia,0%,1
Luzinópolis,0%,1
Macaúbas,0%,1
Machacalis,0%,1
Machadinho,0%,1
Machados,0%,1
Macuco,0%,1
Mãe d'Água,0%,1
Mallet,0%,1
Mamanguape,-67%,1
Mampituba,0%,1
Manaquiri,0%,1
Mangueirinha,-50%,1
Manicoré,0%,1
Manoel Viana,0%,1
Manoel Vitorino,0%,1
Mara Rosa,0%,1
Marabá Paulista,0%,1
Maracaju,-50%,1
Maracás,-50%,1
Maranhãozinho,-67%,1
Marapanim,0%,1
Maravilha,0%,1
Marcelândia,-50%,1
Marcelino Vieira,0%,1
Marco,0%,1
Mari,0%,1
Maria da Fé,0%,1
Marilena,0%,1
Mariópolis,0%,1
Maripá,0%,1
Marliéria,0%,1
Marmeleiro,-50%,1
Martinópole,0%,1
Mata Roma,0%,1
Mateiros,0%,1
Matelândia,-75%,1
Mato Leitão,0%,1
Mato Verde,0%,1
Matões do Norte,0%,1
Matutina,0%,1
Medeiros Neto,0%,1
Mendes Pimentel,0%,1
Mendonça,0%,1
Mercedes,0%,1
Messias,0%,1
Messias Targino,-50%,1
Milhã,0%,1
Minas do Leão,0%,1
Minduri,0%,1
Mineiros do Tietê,-50%,1
Miradouro,0%,1
Miraí,0%,1
Mirangaba,0%,1
Mirinzal,0%,1
Missal,0%,1
Moeda,0%,1
Moema,0%,1
Mogeiro,0%,1
Moita Bonita,0%,1
Monsenhor Paulo,0%,1
Monte Alegre de Goiás,-50%,1
Monte Alegre de Sergipe,-67%,1
Monte Alegre do Piauí,0%,1
Monte Belo,-50%,1
Monte Castelo,-50%,1
Monteiro,0%,1
Montividiu,0%,1
Morpará,0%,1
Morro da Fumaça,-80%,1
Morro Redondo,0%,1
Mortugaba,-50%,1
Mostardas,-50%,1
Mulungu,0%,1
Munhoz de Melo,0%,1
Muquém de São Francisco,0%,1
Murici,0%,1
Natividade da Serra,0%,1
Natuba,0%,1
Nazário,-50%,1
Neópolis,-67%,1
Nhandeara,0%,1
Nilo Peçanha,0%,1
Nortelândia,0%,1
Nossa Senhora de Nazaré,0%,1
Nossa Senhora do Livramento,0%,1
Nova Aliança,0%,1
Nova América,0%,1
Nova Crixás,0%,1
Nova Europa,0%,1
Nova Fátima,-80%,1
Nova Glória,0%,1
Nova Hartz,0%,1
Nova Mamoré,0%,1
Nova Monte Verde,0%,1
Nova Olinda do Maranhão,0%,1
Nova Ramada,0%,1
Nova Resende,-50%,1
Nova Russas,0%,1
Nova Santa Rosa,0%,1
Nova Soure,-50%,1
Novo Aripuanã,0%,1
Novo Brasil,0%,1
Novo Lino,0%,1
Novo Mundo,0%,1
Nuporanga,0%,1
Óbidos,0%,1
Ocara,0%,1
Ocauçu,0%,1
Olímpio Noronha,0%,1
Olindina,0%,1
Oliveira dos Brejinhos,0%,1
Onda Verde,0%,1
Oratórios,0%,1
Orleans,-50%,1
Oscar Bressane,0%,1
Ouricuri,0%,1
Ourilândia do Norte,-50%,1
Ourizona,0%,1
Ouro Velho,0%,1
Pacaembu,0%,1
Palma Sola,0%,1
Palmeira das Missões,-50%,1
Palmeiras,-67%,1
Palmitinho,0%,1
Paraibano,0%,1
Paraíso,-50%,1
Paraisópolis,0%,1
Parambu,0%,1
Paranaíta,0%,1
Pareci Novo,0%,1
Parelhas,0%,1
Paripiranga,0%,1
Passa e Fica,0%,1
Passa-Vinte,0%,1
Pastos Bons,0%,1
Paty do Alferes,0%,1
Pau Brasil,0%,1
Pauini,0%,1
Paulistânia,0%,1
Paverama,-50%,1
Peçanha,0%,1
Pedra,0%,1
Pedra Branca do Amapari,0%,1
Pedra do Anta,-50%,1
Pedra do Indaiá,0%,1
Pedras de Maria da Cruz,0%,1
Pedrinópolis,0%,1
Pedro Afonso,0%,1
Pedro Laurentino,0%,1
Peixe,0%,1
Pequeri,0%,1
Perdigão,0%,1
Pereiras,-50%,1
Peritoró,0%,1
Perobal,0%,1
Picuí,0%,1
Piên,0%,1
Pilões,0%,1
Pindorama do Tocantins,0%,1
Pinhal da Serra,0%,1
Pinhalão,0%,1
Pinhão,0%,1
Pinheirinho do Vale,-50%,1
Pinheiros,0%,1
Pio IX,0%,1
Piquerobi,0%,1
Piracuruca,0%,1
Pirambu,0%,1
Pires do Rio,0%,1
Pitimbu,0%,1
Pocinhos,0%,1
Poloni,-50%,1
Pombal,0%,1
Pomerode,-67%,1
Pompéia,-50%,1
Pontalina,0%,1
Ponte Alta,0%,1
Ponte Alta do Tocantins,0%,1
Ponto dos Volantes,0%,1
Ponto Novo,0%,1
Populina,0%,1
Porangaba,0%,1
Porto Alegre do Norte,-50%,1
Porto dos Gaúchos,0%,1
Porto Esperidião,-50%,1
Porto Firme,0%,1
Porto Real do Colégio,0%,1
Porto Rico,0%,1
Posse,-50%,1
Potengi,0%,1
Prados,-50%,1
Pranchita,0%,1
Prata do Piauí,-50%,1
Presidente Castello Branco,0%,1
Presidente Dutra,0%,1
Presidente Jânio Quadros,0%,1
Presidente Vargas,0%,1
Primeira Cruz,0%,1
Professor Jamil,0%,1
Pugmil,0%,1
Pureza,0%,1
Putinga,0%,1
Quaraí,0%,1
Quedas do Iguaçu,-67%,1
Queluz,-67%,1
Quinta do Sol,0%,1
Quirinópolis,0%,1
Quissamã,0%,1
Quitandinha,0%,1
Quixabá,0%,1
Quixabeira,0%,1
Quixeré,0%,1
Rafael Fernandes,0%,1
Recreio,0%,1
Redenção da Serra,0%,1
Reduto,-50%,1
Regeneração,0%,1
Remanso,0%,1
Renascença,0%,1
Reserva do Cabaçal,-50%,1
Riachão,0%,1
Riachinho,0%,1
Riacho das Almas,0%,1
Riacho dos Machados,0%,1
Riachuelo,0%,1
Ribeirão Branco,0%,1
Ribeirópolis,0%,1
Rifaina,0%,1
Rincão,-67%,1
Rio Bonito do Iguaçu,0%,1
Rio da Conceição,0%,1
Rio das Flores,0%,1
Rio do Fogo,0%,1
Rio Pardo de Minas,0%,1
Rio Piracicaba,0%,1
Rio Verde de Mato Grosso,-50%,1
Rio Vermelho,0%,1
Rodeio,0%,1
Rodeio Bonito,0%,1
Rolante,0%,1
Rondinha,0%,1
Rondon do Pará,-50%,1
Roque Gonzales,0%,1
Rosário,0%,1
Rosário do Catete,-67%,1
Rubelita,0%,1
Rubiácea,0%,1
Rubiataba,0%,1
Rubim,-67%,1
Rubinéia,-67%,1
Sabino,0%,1
Sabinópolis,0%,1
Sagres,0%,1
Salete,0%,1
Salgado,0%,1
Salto do Jacuí,-50%,1
Salvaterra,0%,1
Sananduva,-67%,1
Sandovalina,0%,1
Santa Adélia,-50%,1
Santa Bárbara do Pará,0%,1
Santa Bárbara do Sul,-67%,1
Santa Brígida,0%,1
Santa Cecília do Sul,0%,1
Santa Cruz da Baixa Verde,0%,1
Santa Cruz de Goiás,0%,1
Santa Cruz de Salinas,0%,1
Santa Cruz do Arari,0%,1
Santa Filomena do Maranhão,0%,1
Santa Helena de Minas,0%,1
Santa Margarida,-50%,1
Santa Maria da Serra,0%,1
Santa Maria do Cambucá,0%,1
Santa Maria do Salto,0%,1
Santa Mercedes,0%,1
Santa Rita de Jacutinga,0%,1
Santa Rita de Minas,-50%,1
Santa Rita do Pardo,-50%,1
Santa Rosa do Piauí,0%,1
Santa Terezinha de Itaipu,0%,1
Santaluz,0%,1
Santana de Cataguases,-50%,1
Santana do Ipanema,-75%,1
Santana do Matos,0%,1
Santana do Mundaú,0%,1
Santana do Riacho,0%,1
Santana do São Francisco,0%,1
Santanópolis,0%,1
Santo Amaro do Maranhão,0%,1
Santo Antônio do Aventureiro,0%,1
Santo Antônio do Grama,-50%,1
Santo Antônio do Leverger,0%,1
Santo Antônio do Paraíso,0%,1
Santo Inácio,0%,1
Santo Inácio do Piauí,-75%,1
São Benedito do Sul,-50%,1
São Bento,-83%,1
São Bento do Trairí,0%,1
São Domingos,0%,1
São Domingos do Prata,0%,1
São Félix,-50%,1
São Félix do Xingu,-50%,1
São Geraldo do Baixio,0%,1
São Gonçalo do Pará,0%,1
São João da Fronteira,-50%,1
São João de Pirabas,0%,1
São João do Cariri,0%,1
São João do Carú,-75%,1
São João do Itaperiú,0%,1
São João do Ivaí,-80%,1
São João do Manteninha,0%,1
São João do Oriente,0%,1
São João do Rio do Peixe,-67%,1
São João do Tigre,0%,1
São Jorge do Patrocínio,0%,1
São José da Bela Vista,-50%,1
São José da Boa Vista,0%,1
São José da Laje,-50%,1
São José da Lapa,0%,1
São José da Safira,0%,1
São José de Piranhas,0%,1
São José de Princesa,0%,1
São José do Egito,-50%,1
São José do Mantimento,0%,1
São José do Vale do Rio Preto,-67%,1
São José dos Quatro Marcos,0%,1
São Lourenço do Oeste,0%,1
São Luis do Piauí,0%,1
São Luís do Quitunde,-50%,1
São Martinho,0%,1
São Miguel,0%,1
São Miguel do Anta,0%,1
São Miguel do Gostoso,0%,1
São Miguel do Guamá,0%,1
São Miguel do Guaporé,0%,1
São Miguel do Tapuio,0%,1
São Nicolau,0%,1
São Paulo do Potengi,0%,1
São Pedro da Cipa,-83%,1
São Pedro do Sul,-67%,1
São Pedro dos Ferros,0%,1
São Raimundo das Mangabeiras,0%,1
São Roque de Minas,0%,1
São Sebastião da Amoreira,-50%,1
São Sebastião do Caí,0%,1
São Sebastião do Oeste,0%,1
São Sebastião do Passé,0%,1
São Tiago,0%,1
São Tomé,-67%,1
São Vicente do Seridó,0%,1
São Vicente do Sul,0%,1
Sapeaçu,-67%,1
Sapucaí-Mirim,0%,1
Sátiro Dias,0%,1
Saubara,0%,1
Saudade do Iguaçu,0%,1
Saudades,-67%,1
Saúde,-50%,1
Seberi,0%,1
Selvíria,0%,1
Sem-Peixe,0%,1
Senador Alexandre Costa,0%,1
Senador Guiomard,0%,1
Senador Pompeu,0%,1
Seringueiras,0%,1
Serra da Saudade,0%,1
Serra do Mel,0%,1
Serra do Navio,0%,1
Serra Negra do Norte,-50%,1
Serra Preta,0%,1
Serranópolis,0%,1
Serranos,0%,1
Serrita,0%,1
Sertaneja,0%,1
Sete Barras,0%,1
Sete Quedas,0%,1
Severiano Melo,0%,1
Siderópolis,-86%,1
Silveira Martins,0%,1
Simonésia,0%,1
Sítio d'Abadia,0%,1
Sítio do Mato,0%,1
Socorro do Piauí,0%,1
Soledade de Minas,0%,1
Sud Mennucci,0%,1
Sumé,-50%,1
Suzanápolis,-50%,1
Tabuleiro,-50%,1
Tacima,0%,1
Taiaçu,0%,1
Tailândia,0%,1
Taiúva,0%,1
Tanquinho,-86%,1
Tapera,-50%,1
Taperoá,-50%,1
Tapira,0%,1
Tapiramutá,0%,1
Taquaraçu de Minas,0%,1
Taquaral de Goiás,0%,1
Taquarussu,0%,1
Tavares,0%,1
Tenente Portela,-67%,1
Teolândia,-67%,1
Terra Nova,0%,1
Timbaúba dos Batistas,0%,1
Timbó Grande,0%,1
Tiradentes,-50%,1
Tiradentes do Sul,0%,1
Tiros,0%,1
Tomé-Açu,0%,1
Toritama,0%,1
Traipu,0%,1
Três Coroas,0%,1
Trindade do Sul,0%,1
Trombas,-50%,1
Tucuruí,0%,1
Tunápolis,0%,1
Tunas do Paraná,0%,1
Tuntum,0%,1
Tupanatinga,-50%,1
Tururu,0%,1
Ubaitaba,0%,1
Ubirajara,0%,1
Umari,0%,1
Umarizal,0%,1
Umbuzeiro,0%,1
Umirim,-67%,1
União do Sul,-50%,1
Urbano Santos,0%,1
Urucânia,-67%,1
Urupá,0%,1
Utinga,0%,1
Vale do Anari,0%,1
Valentim Gentil,0%,1
Vargem Bonita,0%,1
Varjão,0%,1
Varjão de Minas,0%,1
Varjota,-75%,1
Várzea da Roça,0%,1
Vera,-50%,1
Veredinha,0%,1
Vicentinópolis,0%,1
Viçosa do Ceará,0%,1
Vidal Ramos,0%,1
Vila Boa,0%,1
Vila Pavão,0%,1
Virgem da Lapa,-67%,1
Virgolândia,0%,1
Virmond,0%,1
Vista Alegre,0%,1
Vitorino,0%,1
Vitorino Freire,0%,1
Wenceslau Guimarães,0%,1
Xambioá,-67%,1
Xapuri,0%,1
Xique-Xique,0%,1
Zé Doca,0%,1
Abaiara,-100%,
Abatiá,-100%,
Adelândia,-100%,
Agricolândia,-100%,
Água Doce do Norte,-100%,
Aiquara,-100%,
Aiuruoca,-100%,
Alcinópolis,-100%,
Alenquer,-100%,
Almas,-100%,
Alpestre,-100%,
Alpinópolis,-100%,
Alto Alegre,-100%,
Alto Alegre do Pindaré,-100%,
Alto Caparaó,-100%,
Alvorada D'Oeste,-100%,
Amélia Rodrigues,-100%,
Anajatuba,-100%,
Anaurilândia,-100%,
Angatuba,-100%,
Anhanguera,-100%,
Anhembi,-100%,
Anitápolis,-100%,
Antas,-100%,
Antônio Dias,-100%,
Antônio Martins,-100%,
Antônio Olinto,-100%,
Aparecida do Rio Doce,-100%,
Aparecida do Rio Negro,-100%,
Aperibé,-100%,
Aracatu,-100%,
Araguatins,-100%,
Arenápolis,-100%,
Arês,-100%,
Armazém,-100%,
Atalanta,-100%,
Augusto Pestana,-100%,
Aurora do Pará,-100%,
Avaí,-100%,
Bagre,-100%,
Baía Formosa,-100%,
Banzaê,-100%,
Barão do Triunfo,-100%,
Barcelona,-100%,
Barra da Estiva,-100%,
Barra de Guabiraba,-100%,
Barra de Santa Rosa,-100%,
Barra de Santana,-100%,
Barro Duro,-100%,
Belém de Maria,-100%,
Belterra,-100%,
Benedito Novo,-100%,
Bento Fernandes,-100%,
Bertópolis,-100%,
Beruri,-100%,
Boa Vista do Incra,-100%,
Bom Jesus das Selvas,-100%,
Bom Jesus do Norte,-100%,
Bom Retiro,-100%,
Bom Sucesso de Itararé,-100%,
Bonfinópolis,-100%,
Boracéia,-100%,
Brejinho de Nazaré,-100%,
Brejo Grande,-100%,
Bueno Brandão,-100%,
Buenos Aires,-100%,
Buriti Bravo,-100%,
Cabaceiras do Paraguaçu,-100%,
Cachoeira dos Índios,-100%,
Caetité,-100%,
Cajari,-100%,
Cajueiro,-100%,
Caldas Brandão,-100%,
Campina do Simão,-100%,
Campo Belo do Sul,-100%,
Campo Limpo de Goiás,-100%,
Campos de Júlio,-100%,
Canarana,-100%,
Candiota,-100%,
Candói,-100%,
Capela,-100%,
Capistrano,-100%,
Capitão Andrade,-100%,
Capitão de Campos,-100%,
Capitão Gervásio Oliveira,-100%,
Caracaraí,-100%,
Carbonita,-100%,
Cardoso Moreira,-100%,
Caridade,-100%,
Cariri do Tocantins,-100%,
Carlinda,-100%,
Carmópolis de Minas,-100%,
Carnaubais,-100%,
Carolina,-100%,
Carvalhos,-100%,
Casinhas,-100%,
Castro Alves,-100%,
Cedro de São João,-100%,
Cerro Grande do Sul,-100%,
Chalé,-100%,
Charqueada,-100%,
Cícero Dantas,-100%,
Ciríaco,-100%,
Clevelândia,-100%,
Cocal,-100%,
Coelho Neto,-100%,
Colinas do Sul,-100%,
Comendador Levy Gasparian,-100%,
Conceição do Coité,-100%,
Conceição do Lago-Açu,-100%,
Conceição do Rio Verde,-100%,
Confresa,-100%,
Conselheiro Mairinck,-100%,
Contendas do Sincorá,-100%,
Coqueiro Seco,-100%,
Coração de Jesus,-100%,
Corumbá de Goiás,-100%,
Cotiporã,-100%,
Cristália,-100%,
Cristiano Otoni,-100%,
Cuité,-100%,
Cumaru do Norte,-100%,
Curral de Dentro,-100%,
Curuçá,-100%,
Curvelândia,-100%,
Damião,-100%,
Delfinópolis,-100%,
Delta,-100%,
Denise,-100%,
Descoberto,-100%,
Diamante do Norte,-100%,
Diamante D'Oeste,-100%,
Divinolândia,-100%,
Divinópolis do Tocantins,-100%,
Dom Basílio,-100%,
Dom Pedro,-100%,
Doutor Severiano,-100%,
Duas Barras,-100%,
Elias Fausto,-100%,
Elisiário,-100%,
Enéas Marques,-100%,
Espumoso,-100%,
Estrela do Indaiá,-100%,
Feliz Deserto,-100%,
Fênix,-100%,
Fernão,-100%,
Formoso,-100%,
Fortaleza de Minas,-100%,
Franciscópolis,-100%,
Frei Paulo,-100%,
Frei Rogério,-100%,
Fronteira,-100%,
Frutuoso Gomes,-100%,
Gaúcha do Norte,-100%,
Gaurama,-100%,
Gavião,-100%,
Glória D'Oeste,-100%,
Godoy Moreira,-100%,
Goianésia do Pará,-100%,
Goianorte,-100%,
Gonzaga,-100%,
Gouveia,-100%,
Graça,-100%,
Granjeiro,-100%,
Guarantã,-100%,
Guarujá do Sul,-100%,
Horizontina,-100%,
Hugo Napoleão,-100%,
Ibarama,-100%,
Ibiassucê,-100%,
Ibicaraí,-100%,
Ibicaré,-100%,
Ibicuitinga,-100%,
Ibiraci,-100%,
Ibirarema,-100%,
Ibitiara,-100%,
Igarapé do Meio,-100%,
Igreja Nova,-100%,
Imbuia,-100%,
Inhacorá,-100%,
Inhangapi,-100%,
Ipanguaçu,-100%,
Ipiguá,-100%,
Iraí de Minas,-100%,
Irapuã,-100%,
Itagi,-100%,
Itaguaçu da Bahia,-100%,
Itaguari,-100%,
Itamogi,-100%,
Itanhangá,-100%,
Itapagipe,-100%,
Itapirapuã Paulista,-100%,
Itapitanga,-100%,
Itarantim,-100%,
Itarumã,-100%,
Iuiú,-100%,
Jaborandi,-100%,
Jaboticatubas,-100%,
Jacaraci,-100%,
Jaguaruana,-100%,
Jaicós,-100%,
Jandaíra,-100%,
Japaraíba,-100%,
Japoatã,-100%,
Japonvar,-100%,
Jaramataia,-100%,
Jardim de Piranhas,-100%,
Jataúba,-100%,
Jeremoabo,-100%,
Jeriquara,-100%,
Jesuânia,-100%,
Jesuítas,-100%,
Joaíma,-100%,
João Dourado,-100%,
Joaquim Nabuco,-100%,
José da Penha,-100%,
Jupi,-100%,
Juranda,-100%,
Kaloré,-100%,
Lábrea,-100%,
Lagoa,-100%,
Lagoa de Itaenga,-100%,
Lagoa do Piauí,-100%,
Lagoa dos Gatos,-100%,
Laje do Muriaé,-100%,
Lajes,-100%,
Lajes Pintadas,-100%,
Lapão,-100%,
Laranjal,-100%,
Lindóia,-100%,
Livramento de Nossa Senhora,-100%,
Logradouro,-100%,
Lucianópolis,-100%,
Luiziânia,-100%,
Lupionópolis,-100%,
Lutécia,-100%,
Luz,-100%,
Luzerna,-100%,
Madalena,-100%,
Mairi,-100%,
Malacacheta,-100%,
Malhador,-100%,
Manari,-100%,
Mantenópolis,-100%,
Maquiné,-100%,
Marcos Parente,-100%,
Maria Helena,-100%,
Marumbi,-100%,
Massapê do Piauí,-100%,
Materlândia,-100%,
Matões,-100%,
Mauá da Serra,-100%,
Meleiro,-100%,
Meridiano,-100%,
Miguel Alves,-100%,
Miracema,-100%,
Mirassol d'Oeste,-100%,
Missão Velha,-100%,
Mombuca,-100%,
Monção,-100%,
Montadas,-100%,
Monte Alegre,-100%,
Monte Santo,-100%,
Moreilândia,-100%,
Mucurici,-100%,
Munhoz,-100%,
Muniz Freire,-100%,
Naque,-100%,
Narandiba,-100%,
Natividade,-100%,
Nazareno,-100%,
Nazarezinho,-100%,
Nina Rodrigues,-100%,
Nioaque,-100%,
Nobres,-100%,
Nordestina,-100%,
Nova Canaã Paulista,-100%,
Nova Independência,-100%,
Nova Itaberaba,-100%,
Nova Laranjeiras,-100%,
Nova Maringá,-100%,
Nova Palma,-100%,
Nova Xavantina,-100%,
Novais,-100%,
Novo Acordo,-100%,
Novo Horizonte do Norte,-100%,
Novo Repartimento,-100%,
Novo Triunfo,-100%,
Oriente,-100%,
Orobó,-100%,
Pacajá,-100%,
Pai Pedro,-100%,
Paial,-100%,
Palmas de Monte Alto,-100%,
Palmeirais,-100%,
Pão de Açúcar,-100%,
Papagaios,-100%,
Paramirim,-100%,
Paramoti,-100%,
Paranapuã,-100%,
Paranhos,-100%,
Paratinga,-100%,
Paraú,-100%,
Pariconha,-100%,
Passo de Camaragibe,-100%,
Patu,-100%,
Paudalho,-100%,
Paulicéia,-100%,
Pavussu,-100%,
Pedra Preta,-100%,
Pedras de Fogo,-100%,
Pedrinhas,-100%,
Pejuçara,-100%,
Penaforte,-100%,
Pescaria Brava,-100%,
Petrolina de Goiás,-100%,
Piaçabuçu,-100%,
Piatã,-100%,
Pilão Arcado,-100%,
Pilõezinhos,-100%,
Pingo-d'Água,-100%,
Pinheiro Machado,-100%,
Pintópolis,-100%,
Pio XII,-100%,
Pirapó,-100%,
Piratini,-100%,
Piratuba,-100%,
Piraúba,-100%,
Piripá,-100%,
Placas,-100%,
Plácido de Castro,-100%,
Planaltina do Paraná,-100%,
Planalto da Serra,-100%,
Platina,-100%,
Poço Redondo,-100%,
Pocrane,-100%,
Pontalinda,-100%,
Pontão,-100%,
Ponte Serrada,-100%,
Ponto Belo,-100%,
Porciúncula,-100%,
Portalegre,-100%,
Portelândia,-100%,
Porto,-100%,
Porto Calvo,-100%,
Porto Vitória,-100%,
Potirendaba,-100%,
Pouso Alto,-100%,
Prado Ferreira,-100%,
Prainha,-100%,
Presidente Bernardes,-100%,
Presidente Médici,-100%,
Presidente Olegário,-100%,
Presidente Sarney,-100%,
Progresso,-100%,
Prudente de Morais,-100%,
Quatis,-100%,
Quatro Pontes,-100%,
Quebrangulo,-100%,
Rebouças,-100%,
Reginópolis,-100%,
Restinga Sêca,-100%,
Riachão das Neves,-100%,
Ribeira do Amparo,-100%,
Ribeirão do Largo,-100%,
Rio Bom,-100%,
Rio do Oeste,-100%,
Rio Doce,-100%,
Rio Manso,-100%,
Rio Real,-100%,
Riqueza,-100%,
Rochedo,-100%,
Rodelas,-100%,
Salinas da Margarida,-100%,
Saltinho,-100%,
Salto da Divisa,-100%,
Sampaio,-100%,
Santa Albertina,-100%,
Santa Amélia,-100%,
Santa Bárbara de Goiás,-100%,
Santa Cecília do Pavão,-100%,
Santa Cruz da Vitória,-100%,
Santa Luzia do Norte,-100%,
Santa Margarida do Sul,-100%,
Santa Maria Madalena,-100%,
Santa Mariana,-100%,
Santa Rita do Itueto,-100%,
Santa Vitória,-100%,
Santana do Araguaia,-100%,
Santana do Jacaré,-100%,
Santana do Manhuaçu,-100%,
Santana do Piauí,-100%,
Santarém Novo,-100%,
Santiago do Sul,-100%,
Santo Antônio da Alegria,-100%,
Santo Antônio do Amparo,-100%,
Santo Antônio do Sudoeste,-100%,
Santo Expedito,-100%,
São Caetano de Odivelas,-100%,
São Desidério,-100%,
São Domingos do Azeitão,-100%,
São Domingos do Norte,-100%,
São João da Baliza,-100%,
São João da Barra,-100%,
São João da Paraúna,-100%,
São João da Ponte,-100%,
São João de Iracema,-100%,
São João do Caiuá,-100%,
São João do Jaguaribe,-100%,
São João Evangelista,-100%,
São Jorge do Ivaí,-100%,
São José do Belmonte,-100%,
São José do Campestre,-100%,
São José do Divino,-100%,
São José do Herval,-100%,
São José do Ouro,-100%,
São José do Piauí,-100%,
São José do Seridó,-100%,
São José do Xingu,-100%,
São Julião,-100%,
São Lourenço do Piauí,-100%,
São Ludgero,-100%,
São Miguel dos Milagres,-100%,
São Pedro,-100%,
São Pedro da União,-100%,
São Pedro do Iguaçu,-100%,
São Raimundo Nonato,-100%,
São Sebastião da Grama,-100%,
São Sebastião do Alto,-100%,
São Sebastião do Rio Verde,-100%,
Satubinha,-100%,
Senador Amaral,-100%,
Senador Salgado Filho,-100%,
Sengés,-100%,
Senhora de Oliveira,-100%,
Senhora dos Remédios,-100%,
Sento Sé,-100%,
Serafina Corrêa,-100%,
Sério,-100%,
Serra Azul de Minas,-100%,
Serrano do Maranhão,-100%,
Serrolândia,-100%,
Sinimbu,-100%,
Siriri,-100%,
Solonópole,-100%,
Surubim,-100%,
Tabapuã,-100%,
Tacuru,-100%,
Taguaí,-100%,
Taquarana,-100%,
Taquarivaí,-100%,
Tarabai,-100%,
Tarumirim,-100%,
Tejuçuoca,-100%,
Timbé do Sul,-100%,
Timburi,-100%,
Tracunhaém,-100%,
Trajano de Moraes,-100%,
Tunas,-100%,
Tupanciretã,-100%,
Tuparetama,-100%,
Turilândia,-100%,
Turvelândia,-100%,
Uauá,-100%,
União,-100%,
União do Oeste,-100%,
Uruoca,-100%,
Vargem Alegre,-100%,
Vargem Alta,-100%,
Vargem Grande,-100%,
Várzea Nova,-100%,
Verdejante,-100%,
Vigia,-100%,
Vila Rica,-100%,
Virgínia,-100%,
Vista Alegre do Alto,-100%,
Vista Alegre do Prata,-100%,
Vitória do Mearim,-100%,
Vitória do Xingu,-100%,
Xambrê,-100%,
Xinguara,-100%,
